question,original_label,bloom_level
Evaluate board games and justify why rules are important.,Evaluation,Evaluate
Suggest THREE (3) methods Game2 can take to prevent damage to its Web sites and continuing operations. Justify your answer.,Evaluation,Evaluate
Explain the profit and loss for Alice and GCB bank.,Comprehension,Understand
"Besides silicon and germanium, name ONE (1) other material that can be used as the substrate of a transistor.",Comprehension,Understand
Calculate the number of bytes required to store a minute of stereo sound at DVD quality with the resolution of 32 bits. Show your working and calculation.,Application,Apply
Revises and process to improve the outcome.,Synthesis,Create
Evaluate any FIVE (5) power bases. Provide a relevant example for each power base.,Evaluation,Evaluate
Compute the area of actual circles.,Application,Apply
"Maslow's hierarchy of needs was developed by Abraham Maslow, a specialist in human behavioural psychology. The hierarchy was first developed to help explain the connection between basic human needs and human desires. Distinguish the hierarchy with appropriate example.",Analysis,Analyze
Briefly explain and draw the structure of dilute foams and concentrated foams.,Comprehension,Understand
"One of the biggest challenges in corporate governance is to deal with manipulation of accounting profits. Propose NINE (9) suggestions to the Malaysian regulatory bodies on how to prevent manipulation of accounts. Your recommendations have to be new and must not overlap with the existing Malaysian laws, guidelines and systems.",Synthesis,Create
Define FOUR (4) primary roles of advertising in business and society.,Knowledge,Remember
How was this similar to . . .?,Analysis,Analyze
Contrast B-mode and A-mode ultrasound systems.,Comprehension,Understand
Can you explain what is happening . . . what is meant . . .?,Comprehension,Understand
How can you differentiate between...?,Analysis,Analyze
"By using appropriate diagrams, explain how a decreasing cost industry affects the long-run supply curve in a perfectly competitive market.",Comprehension,Understand
Choose a country that does not compete at the Olympics and explain why that country is not an Olympic member.,Application,Apply
Building Information Modeling (BIM) claims to enhance construction efficiency. Discuss THREE (3) benefits you would utilize and their importance to your project.,Comprehension,Understand
Appraise data in support of a hypothesis.,Evaluation,Evaluate
Discuss the relationship between advertising and children.,Comprehension,Understand
Comment on the most appropriate methods in which to deliver such a presentation and also address the merits of the methods you suggest in your solution.,Evaluation,Evaluate
"Differentiate among “external wall', 'internal wall' and 'parapet'.",Analysis,Analyze
Compare three celebrations using a Venn diagram.,Analysis,Analyze
Apply the Karush-Kuhn-Tucker conditions for this problem to derive an optimal solution.,Application,Apply
Compare how different children come to school.,Analysis,Analyze
Describe the TWO (2) key differences between perfect competition and monopolistic competition.,Comprehension,Understand
Give the appropriate formula to calculate the velocity of the sedimentation.,Comprehension,Understand
"Based on your understanding, highlight THREE (3) differences between vector graphics and bitmap images.",Comprehension,Understand
You are conducting a building survey for a 2 year old building where you reported premature building decay. Explain the possible factors that may cause these defects to the building owner.,Comprehension,Understand
Develop a hypothesis.,Synthesis,Create
Describe the SEVEN (7) advantages of radio advertising.,Knowledge,Remember
State the advantage of applying each step in the purification scheme.,Comprehension,Understand
Discuss FIVE (5) types of “Non Destructive Test equipment and how they can be used to aid the sensory indicators of building defects.,Comprehension,Understand
Describe characteristics and importance of secondary market.,Comprehension,Understand
Describe the flow of MOET procedures in cattle breeding.,Comprehension,Understand
What happens if you restrict a determinental process to a subset R S?,Application,Apply
Discuss THREE (3) consequences of technology on organizational communication. Provide ONE (1) relevant example for each answer.,Comprehension,Understand
Eukaryotic genome is mostly repetitive DNA and non-coding sequences. Elaborate the statement.,Comprehension,Understand
"Comment on the values that were generated for “Identities” and “Positives"".",Evaluation,Evaluate
Retell the story in your words.,Comprehension,Understand
Briefly explain the Auger process.,Comprehension,Understand
Describe the Pareto Principle in statistical software quality assurance.,Comprehension,Understand
"Based on the above dataType class, list all the function members",Knowledge,Remember
"Divide the story into initiating event, rising action, climax, and falling action",Analysis,Analyze
"Explain the term conjugal families, by making reference to the different types of societies to which they could belong.",Analysis,Analyze
"Search engines are key means of attracting traffic to websites. As a new marketing executive with Munchy's Malaysia, recommend THREE (3) tactics used in search engine marketing (SEM).",Synthesis,Create
Letter of credit is a written promises to pay third party on clients behalf. Explain the functions of commercial letter of credit and standby letter of credit.,Comprehension,Understand
Participate in a mock election,Application,Apply
"Name a commercially available software or an open-source software that does the computational analysis of flows of hydraulic engineering and explain what it is used for, what equations based on what assumptions it uses and how then are solved.",Comprehension,Understand
Describe how hypotheses are combined in boosting.,Comprehension,Understand
Briefly describe the disadvantages of characterising three dimensional protein structures using X-ray diffraction.,Comprehension,Understand
Predict FIVE (5) impacts of the crisis towards McDonald's Malaysia if they are not handling the crisis properly.,Analysis,Analyze
List down FIVE (5) types of shapes.,Knowledge,Remember
An important step in Search Engine Optimization (SEO) is to identify relevant keywords for your website. Suggest THREE (3) offline keyword research methods and TWO (2) online keyword research methods in your keyword research efforts.,Synthesis,Create
Support your views with ONE (1) example for each strategy.,Evaluation,Evaluate
E-mail marketing has evolved rapidly alongside the technological growth of the 21st century. Discuss FIVE (5) reasons why e-mail marketing is still a growth area in digital marketing.,Comprehension,Understand
Design the architecture of the software system based on the requirements defined in the Software Requirement Specification document,Synthesis,Create
Propose an alternative way to solve …,Synthesis,Create
"Assuming the elitism selection method where the best chromosomes are selected for pairing, apply the crossover and mutation for the selected pair of chromosomes using the encoding scheme proposed in (b)(i).",Application,Apply
State and discuss the approach as prescribed in Malaysian Code on Corporate Governance (MCCG) 2017.,Comprehension,Understand
Define privacy.,Knowledge,Remember
Calculate the optimal size of the production run.,Application,Apply
Compare and contrast animals that the class has made.,Analysis,Analyze
Formulate the profit for the company.,Synthesis,Create
Determine the values of Cambodia's government spending multiplier in closed and open economy. Explain which multiplier has the greater impact on the Cambodia economy.,Application,Apply
"Evaluate the differences between the common, facing and engineering bricks in characteristics and use.",Evaluation,Evaluate
Recite a policy of immigration in Europe .,Knowledge,Remember
How do you combine the results of various individual tests to determine whether a student can progress to a next semester / phase / year?,Synthesis,Create
Can you discriminate the difference parts . . . ?,Analysis,Analyze
Provide the objectives of building maintenance.,Comprehension,Understand
How does...compare/contrast with...?,Analysis,Analyze
"Sketch the energy band diagram of the ideal metal-semiconductor contact in forward bias mode. Show the conduction and valence band edges, and all the Fermi levels.",Application,Apply
Determine the economic order quantity.,Application,Apply
Listen to two classmates conversing on tape and critique their performance on the basis of the skills covered this semester.,Evaluation,Evaluate
Briefly describe THREE (3) types of business process that traditionally organized around functional areas of business. Provide an example of each.,Knowledge,Remember
Select a local 'HOMEGROWN' brand and discuss its international marketing mix.,Comprehension,Understand
"""Assume that there is one dominant firm in the industry that sets the price and then all the other firms in the industry behave like perfectly competitive price­ taking firms"". By using appropriate diagrams, explain the underlying assumptions of the model stated in the statement.",Comprehension,Understand
Identify any TWO (2) product design strategies you have learned. Explain how both strategies could be useful for instant respond to customer demand.,Comprehension,Understand
Discuss in detail the THREE (3) major asset allocation strategies in managing portfolio.,Comprehension,Understand
Discuss TWO hypotheses for invasive plants to become successful outside of their native ranges.,Comprehension,Understand
Describe the purposes of utilizing Building Information Modelling in the construction industry.,Comprehension,Understand
How would you relate position concept with position strategy,Application,Apply
Describe the challenges in global advertising.,Knowledge,Remember
Analyze the movements and sounds of a frog.,Analysis,Analyze
Pretend you are one of the characters in the book. Write a diary about the happenings in your life for two consecutive days.,Application,Apply
Subsurface exploration can be divided into THREE (3) programs. Explain in detail the conclusion that could be derived from each program.,Comprehension,Understand
Synthesize the need for ventilation as an engineering control.,Synthesis,Create
Define put-call parity. Discuss its implications and how arbitrageurs could take advantage of arbitrage opportunities for both options.,Comprehension,Understand
Draw a diagram explaining how air pressure affects the weather.,Comprehension,Understand
"Show, through role-play, the final scene in the novel.",Application,Apply
Define CRM and discuss how the CRM can be implemented in the business environment.,Application,Apply
"In a table form, state the advantages and disadvantages of X-ray crystallography and nuclear magnetic resonance in elucidating the three dimensional structure of proteins.",Comprehension,Understand
Give ONE example of aspartic protease. Describe the mechanism of aspartic protease in relation to how pH affects its activity.,Comprehension,Understand
The major constituent of palm oil is triglyceride. Describe TWO reactions of triglyceride which could affect the quality of vegetable oils.,Comprehension,Understand
The structural view of language has several components. List FIVE (5) components.,Knowledge,Remember
Describe briefly the experimental flow of fluorescent in situ hybridization (FISH). List THREE of its major applications.,Comprehension,Understand
Describe the interactions involved in stabilization of enzyme's quaternary structure. Explain which of these interactions is the least likely to be affected by denaturation at a liquid-liquid interface.,Comprehension,Understand
"MVC (Model View Controller) leads to low coupling"". Justify.",Evaluation,Evaluate
Draw the energy band diagram of an intrinsic Si and label the band gap energy.,Comprehension,Understand
Criticize the issues in Principal – Agent Theory.,Analysis,Analyze
"By using an appropriate diagram, explain how the open market operation (OMO) can put an upward pressure on the federal fund rate (FFR).",Comprehension,Understand
"Explain what the author means by the statement ""our intellectual powers are geared to master static relations.",Comprehension,Understand
Create a storyboard for a sequel to your book. Use the same characters.,Synthesis,Create
Describe ANY FIVE (5) possible scenarios of the project failure.,Knowledge,Remember
Decide which course of action was most effective,Evaluation,Evaluate
"Besides silicon and germanium, name ONE (1) other material which could be used to fabricate transistors.",Comprehension,Understand
State the characteristics of each type of corrosion testing studied,Knowledge,Remember
"Illustrate with a labelled drawing the pathway of nitrate assimilation in leaf mesophyll cells. In your answer, discuss the origin of nitrate that is available to the mesophyll cells, the energy requirements of nitrate assimilation, the end products, and the fate of unassimilated nitrate.",Comprehension,Understand
Contrast building in the coastal zone with building in a river floodplain.,Analysis,Analyze
"In a table form, differentiate between RefSeq and GenBank DNA sequences.",Analysis,Analyze
Propose a multimedia presentation for UTAR to promote bachelor's degree courses to potential applicants.,Synthesis,Create
Describe material gathering process.,Knowledge,Remember
Solve the following optimization problem by using the golden section search method and terminate the computation when the length of the interval.,Application,Apply
Explain the functional advantages provided by enzymes with a quaternary structure.,Comprehension,Understand
List the levels in Bloom's Taxonomy.,Knowledge,Remember
"Japan is operating above the potential output level. As a committee member of central bank, suggest a policy that should be implemented in order to restore Japan's potential output level. Using appropriate diagram(s), explain the effect of the policy on price and unemployment level in short run and long run.",Synthesis,Create
Discuss how far you agree with this statement with emphasis on circulation management of a newspaper company.,Evaluation,Evaluate
"Explain why bogs are considered to be a ""carbon sink"".",Comprehension,Understand
"Critically explain how our statuses, educational qualification and occupation affect our social stratification, social mobility and life chances.",Analysis,Analyze
State the number of autosome and sex-chromosome for a rooster and a hen.,Knowledge,Remember
The foundation is the base on which a building rest and its purpose is to safely transfer the load of a building to a suitable subsoil. Identify the specified bearing loads and give the explanations for each bearing load.,Comprehension,Understand
Illustrate each of these situations with TWO (2) real-life examples.,Comprehension,Understand
"Given a graph of production trends in automobiles, describe what the graph represents in a memo to your boss.",Comprehension,Understand
Construct a market strategy for your product using a known strategy as a model.,Application,Apply
Compose a dialogue between Atticus Finch and Tom Robinson when they first met.,Synthesis,Create
The pre-planning stage of a lesson takes into consideration several factors. Name FIVE (5) external factors and briefly explain the importance of each of the factors.,Comprehension,Understand
Discuss the effectiveness of using Expression Language (EL) compared to other methods in JSP.,Analysis,Analyze
Discuss THREE mechanisms of vegetative reproduction that make certain weeds successful in establishment.,Comprehension,Understand
Explain the FIVE (5) stages of organizational conflict according to Pondy's (1967) model.,Comprehension,Understand
Select the athlete of the century and analyze why you chose this person.,Analysis,Analyze
From a blueprint to describe the article depicted.,Comprehension,Understand
"Identify a property (commutative, additive, etc(",Knowledge,Remember
Draw an image using light and shadow to describe form most closely simulates how we perceive forms in nature.,Comprehension,Understand
Judge whether Olympic Ideals are realistic or unrealistic for the contemporary elite athlete.,Evaluation,Evaluate
"Company director can be removed by the shareholders during general meetings. However, the office of a director can become vacant under certain circumstances. Discuss FOUR (4) criteria for vacation of office.",Comprehension,Understand
Develop an ABC classification system for the 10 items.,Synthesis,Create
Describe the formation of an aquatic dead zone.,Comprehension,Understand
Determine if the two principal components are adequate to explain the variation in the sample that was used to calculate I.,Application,Apply
"""The bullwhip measure can be used to analyze supply chains. Nevertheless, inaccurate measures taken in addressing variance amplification can have ramifications"". Explain this statement.",Comprehension,Understand
Differentiate between humic and non-humic substances.,Analysis,Analyze
"Given that a = -10, b = 2, c = 5 and d = 0. Evaluate the following relational and logical expressions:",Application,Apply
Justify if DHT`s supply chain performance is better than PLI.,Evaluation,Evaluate
Create and perform a play about frogs.,Synthesis,Create
Describe the significance of concrete as a primary material in today's construction.,Comprehension,Understand
"Using a farm animal species of your choice, sketch a graph and describe the scenario that demonstrate a strong genotype by environmental interaction that could influence breeding objectives.",Application,Apply
Explain what is a datum level as used in site surveying for a building project.,Comprehension,Understand
Immobilization enables industrial enzymes to be used repeatedly. List THREE advantages of immobilized enzyme and give an example of large scale application of immobilized enzyme in industry.,Comprehension,Understand
"Define graphic design, product design and environmental design. Provide ONE (1) example for each.",Comprehension,Understand
"In about 70 words, explain how the different components function in language learning.",Comprehension,Understand
How does the law of supply and demand explain the current increase in the price of fruit?,Application,Apply
Briefly analyse the SIX (6) internal control procedures over the payroll process of a multinational organisation.,Analysis,Analyze
Evaluate appropriate and inappropriate actions of characters.,Evaluation,Evaluate
"In a table, list EIGHT differences between GenBank and RefSeq DNA sequences.",Comprehension,Understand
Apply the run length encoding on the token stream.,Application,Apply
List four traits commonly used for the development of transgenic crops.,Knowledge,Remember
"Briefly explain why authoring software is considered as ""high level tools"" whereas programming languages are known as ""low level tools"".",Comprehension,Understand
Explain TWO (2) ways on how monopoly harms consumers and hurts the economy. Justify and illustrate your answers.,Evaluation,Evaluate
Discuss the extent to which Value Chain Analysis can be applied in the logistics sector.,Application,Apply
Support your answers with ONE (1) example in everyday life for each strategy.,Evaluation,Evaluate
Give THREE (3) examples of common uses of standby letter of credit.,Comprehension,Understand
State the main missions of National Center for Biotechnology Information (NCBI).,Knowledge,Remember
In what ways do female offenders differ from male offenders,Analysis,Analyze
Evaluate your sketch with ADDIE's model procedure.,Evaluation,Evaluate
Do you think . . . is a good or a bad thing?,Evaluation,Evaluate
Briefly explain the SIX (6) key activities involved in the conversion cycle of a manufacturing company.,Comprehension,Understand
Compare any FIVE (5) differences between formal networks and informal networks.,Analysis,Analyze
Prepare a book jacket that illustrates the kind of book as well as the story.,Synthesis,Create
Define knowledge and provide an example of knowledge produced by a vehicle management system.,Knowledge,Remember
"Evaluate the performance of Malaysian newspapers and comment on what you think they should do to win back readers, particularly those who show preference for online news.",Evaluation,Evaluate
Express the following percentages as fractions in simplest form,Comprehension,Understand
Explain the basic concepts in construction economics as introduced by Myers (2017).,Comprehension,Understand
Define instructional materials based on your understanding.,Knowledge,Remember
Explain the processing of eukaryotic mRNA transcripts prior to translation. Indicate the chemical bases for each step.,Comprehension,Understand
Timber and plastic are common materials used in construction industry. Elaborate FIVE (5) specific applications for each material in building construction.,Comprehension,Understand
Propose a suitable type of glass that is used to construct a transparent fiat roof for the entrance of the Heritage Hall in Universiti Tunku Abdul Rahman.,Synthesis,Create
What do you recall ...?,Knowledge,Remember
Propose TWO (2) strategies that a minority opinion can overtake the majority and be accepted.,Synthesis,Create
List any SEVEN (7) suggestions for good presentation of your business plan as it is very crucial to convince potential consumers and financers.,Knowledge,Remember
Distinguish between the following giving suitable examples,Analysis,Analyze
"Explain FIVE (5) causes of ""glass ceiling by providing a relevant example for each cause.",Comprehension,Understand
"KOMUGI offers a deliciously authentic variety of handmade Japanese breads, cakes and confectioneries. In 23th December 2017, KOMUGI will launch its first outlets in Perak which will be located in Jusco Kinta City, Ipoh. Your client KOMUGI would like to run a coupon promotion for perakian. Design a creative coupon with catchy messages, slogans and offers to attract the perakian.",Synthesis,Create
Create an advertising campaign,Synthesis,Create
"The Malaysian economy is currently operating at the natural level of output. In order to be a high-income country in 2020, government of Malaysia decides to increase the government spending. Discuss the effects of the event on the price level, unemployment and output in the long run and short run in Malaysia with appropriate diagrams.",Comprehension,Understand
List FOUR (4) general requirements for floor finishes.,Knowledge,Remember
What questions would you ask if . . .?,Application,Apply
Currently the product life cycle for Apple iPod is in the 'growth stage'. Provide evidence to support your answer.,Evaluation,Evaluate
"Justify the following statement: “The value of a putable bond is never greater than the value of an otherwise comparable option-free bond.""",Evaluation,Evaluate
Describe the THREE (3) elements of problem structure of a company. Contrast a structured problem to an unstructured problem. Discuss briefly which levels of management typically deal with structured problems and with unstructured problems.,Analysis,Analyze
Describe the function of International Monetary Fund (IMF).,Knowledge,Remember
Briefly explain the desire properties of aggregate in producing concrete mixture.,Comprehension,Understand
Give ONE common crossbreed for porker production in Malaysia and name the state in Peninsular Malaysia that has the highest production rate.,Comprehension,Understand
"State any TWO (2) of Malaysia's rules, regulations or standards which are related to scaffolding and falsework.",Comprehension,Understand
Which of the following actions would probably be least effective in determining the answer?,Evaluation,Evaluate
Suggest a procedure which uses k-means as a subroutine with a better chance than k-means in obtaining good clustering.,Synthesis,Create
List important information you can remember from lesson….,Knowledge,Remember
Define the Demographic characteristics.,Knowledge,Remember
Write a short story relating a personal experience in the style of a picaresque novel.,Synthesis,Create
Develop one plausible ending for all three short stories below.,Synthesis,Create
What can I do to investigate this problem further,Analysis,Analyze
Give TWO functions of egg yolks in mayonnaise production.,Comprehension,Understand
"Draw a graph showing the demand curve faced by a perfectly competitive firm. On the same graph, draw the demand curve faced by a monopolistically competitive firm. Explain your reasoning for each curve.",Comprehension,Understand
Justify the concept of inheritance and give the sample of code to illustrate your answer.,Evaluation,Evaluate
Judge the value of . . .?,Evaluation,Evaluate
Compose a rhythm or put new words to a known melody.,Synthesis,Create
Draw the hexapeptide Gly-Phe-Asp-Leu-Ala-Glu. Identify the formation of hydrogen bonding in an a-helix form of this hexapeptide.,Comprehension,Understand
Examine the data in the EMPLOYEES and DEPARTMENTS tables,Analysis,Analyze
Concrete mould can be fabricated using steel or plastic. Differentiate the characteristics of concrete mould that is produced by these materials.,Analysis,Analyze
There are TWO (2) common methods used in the semiconductor industry to fabricate single crystal silicon. Analyze the advantage and disadvantage of both methods.,Analysis,Analyze
Evaluate your own or a peer's essay in terms of the principles of composition discussed during the semester.,Evaluation,Evaluate
There are several factors that influence language teaching and language learning. Name and briefly explain the FIVE (5) external factors that you would consider when teaching English Language.,Comprehension,Understand
Predict what would happen if ...,Application,Apply
Classify information systems based on the support IS can provide.,Comprehension,Understand
"Critically appraise the five competitive forces encased within Porter's ""Five Forces"" model within the context of a profit-oriented organisation and discuss the threat posed to the firm by each of these forces.",Evaluation,Evaluate
Evaluate THREE (3) neurocognitive difficulties that may be experienced by people with suicidal-related behaviors.,Evaluation,Evaluate
Classify celebrations into family and community categories.,Comprehension,Understand
National income accounting refers to a set of rules and techniques that are used to measure the national income of a country. Explain the EIGHT (8) reasons why national income accounting is important.,Comprehension,Understand
The impact of using JSTL in software development can significantly reduce its development time. Prove that there is some truth in the statement.,Evaluation,Evaluate
Draw a production possibility curve to show the combination of flats and houses which could be achieved on the site.,Application,Apply
Draw and label a titration curve for glutamic acid. Calculate the isoelectric point.,Application,Apply
Suggest a technique that can overcome the problem of non-reusability for industrial enzyme applications.,Synthesis,Create
Can you distinguish aged rums from unaged rums by smell,Analysis,Analyze
Evaluate the three specific effects caused by the applications of information technology on the nature of competition.,Evaluation,Evaluate
Predict whether Phillip will ever go back to visit the Cay after several years of recovery. Assuming he gets his sight back.,Evaluation,Evaluate
“Domestication of animals does not influence human behavior and lifestyle.” State whether you agree or disagree with the statement. Justify your answer.,Evaluation,Evaluate
Describe price feedback effect by using relevant example.,Comprehension,Understand
Support your answers with ONE (1) example for each factor.,Synthesis,Create
Suggest and explain TWO (2) ways to measure a bank's profitability.,Synthesis,Create
Explain in one sentence what the method incFromN does,Comprehension,Understand
Determine which country enjoys comparative advantage in the production of cotton and silk respectively. Support your answer by calculating the opportunity costs of each.,Application,Apply
Explain different approaches used in hydraulic engineering to achieve its objectives by giving examples.,Comprehension,Understand
Discuss the objectives and the provision of site security in a construction site.,Comprehension,Understand
Explain the causes of historical events,Comprehension,Understand
Decide whether you could have survived on the island blind and alone. Write about things that would have been challenging making sure to,Evaluation,Evaluate
Evaluate two Internet sources of information about the Egyptians. Which would be a better choice for your purpose and why?,Evaluation,Evaluate
Briefly describe how riparian forests help in reducing nitrate contamination in rivers reducing nitrate and streams.,Comprehension,Understand
Look at the symbol. What is the symbol’s purpose on a map?,Knowledge,Remember
Use dynamic programming to help the fortune seeker to identify the route which minimizes the total cost of the policy.,Application,Apply
Compare and contrast between signal and pipe methods in the context of inter process communication.,Analysis,Analyze
Propose Java Web architecture diagram for the above case study and explain.,Synthesis,Create
List down FIVE (5) types of concrete admixture.,Knowledge,Remember
Distinguish central and peripheral routes to information processing. Support your answer with TWO (2) relevant examples. Elaborate your examples in details.,Evaluation,Evaluate
Discuss major tasks in data preprocessing.,Comprehension,Understand
Autoclave aerated concrete block is gaining popular in high rise construction. Briefly illustrate what are the unique features of the autoclave aerated concrete block.,Comprehension,Understand
"Discuss FIVE (5) principles that are central to relational leadership by Komives, Lucas and McMahon (1998). Provide ONE (1) example for each principle.",Comprehension,Understand
Suggest FOUR (4) strategies that improve adolescents' sleep from the physiological psychology perspectives.,Synthesis,Create
A cascade of zymogen activation occurs both with digestive proteases and blood clotting proteases. List THREE advantages of this activation.,Knowledge,Remember
How would you express ________________?,Comprehension,Understand
Explain the benefits of Secure Sockets Layer (SSL) in the context of web security.,Comprehension,Understand
State your opinion on whether financial reporting system is more important than management reporting system and the appropriateness of placing more emphasis on producing non-discretionary financial reports. Provide arguments to support.,Comprehension,Understand
"With the aid of diagrams, describe how the soil structure influences the rate of water leaching.",Comprehension,Understand
Write short notes on the structure of RNA.,Comprehension,Understand
Describe THREE (3) deposit liabilities for commercial banks.,Knowledge,Remember
Explain why lossy compression gives better compression.,Comprehension,Understand
"A manager of a small company makes the following statement - ""We need to keep hiring additional workers up to the point where the marginal productivity of the last worker we hire is at its maximum. This way we can maximize the total productivity of the firm."" Critically evaluate this statement.",Evaluation,Evaluate
Give THREE examples of symptoms that resemble herbicide damage on plants.,Comprehension,Understand
How would you differentiate between heterodox and mainstream,Analysis,Analyze
Distinguish between the ripening behavior of climacteric and non-climacteric fruits in terms of their respiration rates and ethylene production.,Analysis,Analyze
Compare and contrast between low context cultures and high context cultures.,Analysis,Analyze
Which of the following is the method for determining the volume of a cylinder?,Knowledge,Remember
"Using straight value depreciation, decide between two copper-nickel alloys for the design of a heat exchanger.",Evaluation,Evaluate
Predict the effect on bulk density when a large quantity of organic matter is added into the soil. Justify your answer.,Evaluation,Evaluate
"After examining the videotape of a play in a football game, determine the degree to which the defensive team performed effectively and",Evaluation,Evaluate
Explain the term inflation as used in building economics.,Comprehension,Understand
Can you propose an alternative plan to . . . ?,Synthesis,Create
"Assume that you have been assigned to run a Google Ads search advertising campaign for a new café in Kampar, Perak. Recommend FIVE (5) strategies to develop a successful search advertising campaign for the café.",Synthesis,Create
Elaborate ONE (1) scenario where text would be more effective than audio and ONE (1) scenario where audio would be more effective than text in the passing out of data. Explain your answer.,Comprehension,Understand
"Compare and contrast two treatments of either drapery or animals by Greek sculptors, establishing their artistic contexts",Comprehension,Understand
Inspect the size of the loaded data: how many objects and variables does the iris data matrix contain?,Analysis,Analyze
who was the first man on the moon,Knowledge,Remember
"Differentiate bonds that are traded at par, premium and discount.",Analysis,Analyze
Briefly explain the differences between a Langmuir-Blodgett (LB) monolayer and a self-assembled monolayer (SAM).,Comprehension,Understand
Discuss the THREE (3) levels of organizational culture outlined by Schein. Provide your discussion with an example for each level.,Comprehension,Understand
Discuss what world-class producers do in regards to product or service design and process design.,Comprehension,Understand
Describe the advantages and disadvantages of foliar application in fruit crops.,Comprehension,Understand
Briefly discuss any THREE (3) specific internet technologies or tools that are commonly found in providing support for business activities.,Comprehension,Understand
"Optimization of medium and culture conditions of a fermentation process can be conducted by using multifactor experimental design or response surface optimization. With aid of a flow chart, compare and contrast these two methods.",Analysis,Analyze
Identify one problem in the book and give an alternate solution one not given by the author.,Synthesis,Create
Draw a diagram to illustrate the Edman degradation reaction in protein sequencing.,Comprehension,Understand
CATH and SCOP are databases that hierarchically classify protein domains according to their structures. Describe the CATH protein classification system.,Comprehension,Understand
Explain the process of ideas generation.,Comprehension,Understand
"Explain the concept of price leadership observed under the condition of oligopoly, by using graphs.",Comprehension,Understand
Critically discuss FOUR (4) main dimensions that are used to classify countries based on Hofstede's Cultural Dimensions Theory.,Analysis,Analyze
Describe about application and web servers.,Knowledge,Remember
Define “ecosystem services” and describe how they are benefiting our society.,Comprehension,Understand
analyze the positive and negative points presented concerning the abolition of guns and write a brief (2-3page) narrative of your analysis.,Analysis,Analyze
What criteria would you use to assess...?,Evaluation,Evaluate
Define symmetrical balance and asymmetrical balance. Draw an example for each.,Comprehension,Understand
Discuss ONE (1) limitation and benefit of duration.,Comprehension,Understand
Define the transition state and activation energy in relation to catalytic power of an enzyme.,Comprehension,Understand
Discuss why web developers or programmers would prefer to use Expression Language (EL) compared to other methods in JSP for displaying dynamic content in web browsers.,Analysis,Analyze
Apply the rule of law to a new situation,Application,Apply
Explain important features and characteristics of the flows encountered in hydraulic engineering compared with cases in other fluid engineering.,Comprehension,Understand
Apply shading to produce depth in drawing.,Application,Apply
Explain FOUR (4) categories of unintentional crisis. Provide your answer with an appropriate example for each category.,Comprehension,Understand
Justify whether the enzyme after step 'Size-exclusion chromatography' is pure. Suggest a method to estimate the purity of the enzyme preparation.,Evaluation,Evaluate
"Use your imagination to create a picture about the story. Then, add one new thing that was not in the story.",Synthesis,Create
"With the aid of a flow chart, briefly describe the steps involved in developing a successful animal breeding programme.",Comprehension,Understand
Restate main idea of story in own words.,Comprehension,Understand
Explain why the story has the title that it does.,Comprehension,Understand
Ion implantation is one of the popular methods to dope semiconductors. Discuss the control parameters for this method.,Comprehension,Understand
Briefly explain the differences between and Langmuir-Blodgett (LB) monolayer and self-assembled monolayer (SAM).,Comprehension,Understand
Explain the concept for the nature of building characteristics.,Comprehension,Understand
Provide justifications as to why integrity and reliability is important in a company's annual report and accounts (ARAS) from corporate governance point of view.,Evaluation,Evaluate
"In your own words, how would you summarize the story up",Comprehension,Understand
Summarize the data purification process.,Comprehension,Understand
Explain THREE (3) broad categories of e-commerce with examples.,Comprehension,Understand
Sketch the Type III isotherm and provide a brief description of its nature and the processes that give rise to the isotherm.,Application,Apply
Define attitudes.,Knowledge,Remember
"Critically appraise the five competitive forces encased within Porter's ""FIVE FORCES"" model within the context of a profit-oriented organization and discuss the threat posed to the firm by each of these forces.",Evaluation,Evaluate
In Which part of the world does he live,Knowledge,Remember
Distinguish between 'periodic inspection' and 'continuous inspection'.,Analysis,Analyze
Explain THREE characteristics that distinguish authoritarianism from totalitarianism.,Analysis,Analyze
Discuss FIVE (5) factors that are most likely to influence the effectiveness of upward communication.,Comprehension,Understand
Explain the Media Richness Model. Use the model to discuss how managers can pick the best channel in communicating with staff and support your discussion with a scenario.,Evaluation,Evaluate
"How do you distinguish between the binge-eating/purging type of anorexia nervosa and bulimia nervosa, purging type",Analysis,Analyze
Explain how auction is related to dynamic pricing.,Comprehension,Understand
Investigate innovations that can enhance future Olympics.,Analysis,Analyze
Differentiate between Putlog and Independent Scaffold.,Analysis,Analyze
Classify frogs toads and other amphibians.,Comprehension,Understand
Write an ABAP program that allows the user to key in a positive integer value.,Synthesis,Create
Conducting a set-induction before presentation has several advantages. List the FIVE (5) reasons for use of the set-induction in a lesson.,Knowledge,Remember
Describe what goes in each of the four areas on the first page of notes,Comprehension,Understand
Define color temperature.,Knowledge,Remember
Draw and label a diagram of a typical stream.,Knowledge,Remember
Identify and describe THREE (3) difficulties in calculating national income accounting.,Comprehension,Understand
List the attributes of the following shape.,Knowledge,Remember
"Discuss how data mining operations which are classification, association, clustering and anomaly detection can be deployed in a variety of industries.",Application,Apply
Illustrate the THREE (3) advantages of silicon over germanium.,Comprehension,Understand
Explain THREE (3) data collection challenges in advertising research.,Comprehension,Understand
How would you investigate this abnormality,Analysis,Analyze
How much time did he took to build a house,Knowledge,Remember
A blue solid cube with dimensions of 10.0 x 10-9 m was dispersed into water to become colloidal particles with dimensions of 1.0 x 10-9 m. Calculate the changes of surface area to volume (surface / volume).,Application,Apply
Being a technopreneur means dealing with innovation. Define what innovation is and also propose FOUR (4) types of innovations you can have in your organization.,Synthesis,Create
How does public health reporting differ today from reporting two years before,Analysis,Analyze
Define solvency and liquidity. Give some simple strategies that banks can follow to avoid insolvency or illiquidity. State reasons banks might option not to adopt these strategies.,Comprehension,Understand
Show how you would use Huffman coding to encode the following set of tokens.,Application,Apply
"Explain the meaning of the law of diminishing marginal returns. Briefly describe the relationship between total product (TP) and marginal product (MP), marginal product (MP) and average product (AP).",Comprehension,Understand
Differentiate the following functions using the quotient rule,Analysis,Analyze
"Analyze the problem, identifying its variables.",Analysis,Analyze
Explain the purpose of human communication process.,Comprehension,Understand
"A five-year, RM1,000 par value bond with a 6 percent semi-annual coupon is trading at current yield of 4 percent. Compute the duration of the bond.",Application,Apply
"FinFET technology is developed to minimize some of the shortcomings in planar MOSFETs. With the aid of diagrams, show the differences between these TWO (2) transistors.",Application,Apply
Elaborate on the importance of 'stability' for industrial enzymes.,Comprehension,Understand
"""The slope has been standing for more than 15 years! So it is safe"" and ""Geological report shows that the slope is safe"". The above statements are the common misconception. Propose FIVE (5) construction controls to ensure the safety of construction of residential building on hill-site in Malaysia.",Synthesis,Create
Describe the three (3) ways in which JIT and quality are related.,Comprehension,Understand
Describe FIVE (5) techniques to achieve dominance.,Knowledge,Remember
"Calculate Sharpe's measure for the AOV Portfolio and the market. Compare the TWO (2) measures, and assess the performance of the AOV's portfolio during the year just ended.",Application,Apply
Briefly describe the general properties of plastic in terms of strength and durability. Comment also why plastic is not suitable to use as reinforcement bar for concrete structure.,Evaluation,Evaluate
Break down the main actions of the story.,Analysis,Analyze
How many ways can you . . .?,Synthesis,Create
"Annealing is a thermal process typically performed after ion implantation. With the aid of diagrams, briefly discuss the purpose of this process.",Comprehension,Understand
Identify the correct definition of osmosis.,Knowledge,Remember
Identify which country has an absolute advantage in the production of sugar cane and blue agave.,Knowledge,Remember
Describe the advantages of Product Standardization.,Knowledge,Remember
"Contrast the treatment of ""well known"" trademarks provided by Paris Article and by TRIPS Article",Analysis,Analyze
Class Facility is an abstract class. Explain what this means,Comprehension,Understand
Examine the differences between the model excluding the most influential observation and the model including all observations.,Analysis,Analyze
Compare fall and spring,Analysis,Analyze
Examine the stated positions of both major political candidates with regard to a particular issue and state good reasons (based on principles discussed in class) for why one candidates position is more likely to be effective than the other's.,Evaluation,Evaluate
Compose an original work which incorporates five common materials in sculpture.,Synthesis,Create
Banks act as an important institution in the financial system. Briefly explain what a bank run is and provide THREE (3) causes that lead to its occurrence.,Comprehension,Understand
"Local oxidation of silicon or LOCOS is a type of application which involves wet oxidation. With the aid of diagrams, briefly illustrate this process.",Comprehension,Understand
Can you explain what must have happened when . . .?,Analysis,Analyze
Apply the energy band diagram to explain why an intrinsic semiconductor is conductive and that its conductivity increases with temperature.,Application,Apply
Justify why Benny used MP3 instead of other audio format.,Evaluation,Evaluate
Write a C++ statement to declare a variable of type musicType name MyTune.,Application,Apply
Explain the impact of 'connection keep-alive' or persistence connection in the context of request response model on performance of sending response to clients.,Comprehension,Understand
Can you defend your position about . . .?,Evaluation,Evaluate
Information technology can be expensive. Identify and explain FIVE (5) factors that put upward pressure on internet pricing for online retailer.,Comprehension,Understand
Highlight the differences between an equilibrium in dominant strategy as compared to Nash equilibrium.,Comprehension,Understand
Explain the types of construction excavation.,Comprehension,Understand
Describe SIX (6) factors that are affecting supply in the construction industry.,Comprehension,Understand
Suggest and describe an assisted reproductive technique that the farm should use for rapid and cost effective production.,Synthesis,Create
Justify the title To Kill a Mockingbird .,Evaluation,Evaluate
Describe briefly how an image can be represented by chain coding and moments.,Comprehension,Understand
"Use Porter's five competitive forces to analyze FiredUp, Inc.",Application,Apply
Categorize FIVE (5) advantages of multimedia in primary school education.,Comprehension,Understand
"“Goods and services design could help manufacturers to gain competitive advantages."" Justify the statement with any THREE (3) strategies.",Evaluation,Evaluate
Classify types of corrosion inhibitors,Comprehension,Understand
Explain what a poem means.,Comprehension,Understand
"Standardized, reusable containers have fairly obvious benefits in shipping and within a plant. State five (5) purpose of these devices.",Knowledge,Remember
Name FOUR enzymes in DNA replication and state their functions.,Comprehension,Understand
Analyze the effect of similarity-dissimilarity on attraction by using TWO (2) theories.,Analysis,Analyze
Describe the main disadvantage of palm oil with an indigenous broad melting interval ranging from -20 to 50°C. Refined palm oil is further processed to improve its marketable value. Discuss this process in relation to the secondary products from refined palm oil.,Comprehension,Understand
Define instructional materials and provide an example of it.,Comprehension,Understand
What evidence can you list for...,Analysis,Analyze
How does your agency inspect against its expectation for operators,Analysis,Analyze
sketch a graph of velocity versus time for the upward and downward parts of a ball’s flight,Application,Apply
"Oxygen is effectively transported by hemoglobin, regulated by some allosteric effectors in human blood. Name these allosteric effectors and discuss how their presence increases effective delivery of oxygen to tissues.",Comprehension,Understand
Draw a diagram to show the memory configuration after the following statements ....,Analysis,Analyze
"From your opinion, explain which one of the methods mentioned earlier is better for the given token stream.",Analysis,Analyze
Give an example of trait and phenotype to describe a Belgian Blue.,Comprehension,Understand
Define prejudice.,Knowledge,Remember
Provide arguments on how these investment strategies help in maintaining market efficiency.,Comprehension,Understand
Apply Porter's five competitive forces analysis to examine the summer job industry for your uncle.,Application,Apply
"Inflation is one of the major concerns of all countries in the world. Discuss how the Bank Negara Malaysia (BNM) would fight against inflation problem and by using appropriate diagrams, show how the BNM actions affect the investment level and equilibrium output level.",Application,Apply
Describe in your own words what happens when a stream's velocity slows.,Comprehension,Understand
Define the basic concepts involved in incorporating technology in teaching English language at secondary school level.,Comprehension,Understand
Explain how competitive and uncompetitive inhibitors will affect enzymatic reactions.,Comprehension,Understand
Demonstrate the steps involved in setting out of a building foundation and discuss the setting out of purposes.,Application,Apply
Define pixel.,Knowledge,Remember
Discuss on the importance of KM with specific reference to its impact on employee's learning and process efficiency.,Analysis,Analyze
State three methods that could be used to determine the adequate number of factors in the solution.,Knowledge,Remember
Critically review how a shift in the mental model with a different set of assumptions could change Yahoo.,Evaluation,Evaluate
Design and sketch the optimized stick-diagram layout.,Synthesis,Create
Examine how conventional newspaper can continue to maintain its circulation with the easy access to alternative information on the web.,Analysis,Analyze
State which market structure adopts this practice. List and briefly explain what are the conditions needed for this practice to be successful.,Comprehension,Understand
Critique an experimental design or a research proposal.,Evaluation,Evaluate
Draw a poster layout design for Healthy Life Style.,Comprehension,Understand
Define problem solving processes.,Knowledge,Remember
Justify your answers with elaborations by providing any TWO (2) reasons.,Evaluation,Evaluate
The Glass-Steagall Act of 1933 and the Financial Services Modernization Act of 1999 created impact on commercial banks and investment banks in the US. Explain each act in detail.,Comprehension,Understand
Explain Greimas square tool and discuss how it can be applied the aviation industry.,Application,Apply
Develop a menu for a new healthy foods restaurant,Synthesis,Create
Distinguish between stock dividend and stock split by providing one relevant example.,Analysis,Analyze
Suggest THREE (3) steps that Annie should do in multimedia authoring.,Synthesis,Create
Critically discuss the THREE (3) options in handling the international media planning or buying.,Analysis,Analyze
"Recommend a suitable metal for the fabrication of power tools like drills, files and chisels. Your recommendation should be justified by elaborating the important properties of the proposed metal.",Evaluation,Evaluate
How do teenagers use code in emails and instant messages?,Application,Apply
List and explain the reason why the aggregate demand curve is downward slopping.,Comprehension,Understand
Describe the limitations of using ribozyme as a catalyst.,Comprehension,Understand
Name and sketch the proposed retaining wall in plan view to show the main elements of the wall.,Application,Apply
Discuss any FOUR (4) elements which are embedded in Total Quality Management Programme.,Comprehension,Understand
"Video got its start on cathode ray tube television systems, but has moved on to be used in many more applications. Relate the video transmission on television sets and computer monitors with interlacing and progressive scan techniques",Analysis,Analyze
"Analyze a work of art in terms of form, color and texture.",Analysis,Analyze
Explain FOUR (4) process strategies you have learned.,Comprehension,Understand
"Using Marginal approach, explain and identify how many unit of CD players should the firm producer per day if its goal is to maximize its profit.",Application,Apply
JSP Technology is meant to replace Servlet Technology. Justify to what extent the statement is true.,Evaluation,Evaluate
What do you think about . . .?,Evaluation,Evaluate
Describe graphic design and product design.,Knowledge,Remember
"Which of the two algorithms, bubblesort or quicksort, is more efficient? Justify your answer.",Evaluation,Evaluate
Explain each inventory control method and suggest TWO (2) types of products for each method.,Synthesis,Create
Jolly and Bolitho (1998) proposed a 7-stage framework to show the process of material design. Apply the framework through use of media to teach 14 year old students action verbs. State the type of media that is going to be used for the lesson.,Application,Apply
"Standardized, reusable containers have fairly obvious benefits for shipping. Use five (5) points to justify the purpose of these devices within the plant.",Evaluation,Evaluate
"As opposed other curves, justify with explanation why Average Fixed Costs (AFC) is negatively sloped.",Evaluation,Evaluate
Model an Olympic Village for the new Millenium.,Application,Apply
"Appraise the URL Rewriting, Hidden Form Field and Cookies methods which are supported by the technology.",Evaluation,Evaluate
Examine traditional warehouse layout and cross-docking layout.,Analysis,Analyze
Calculate the balance of trade when the economy is at equilibrium and interpret the answer.,Application,Apply
Sleep is a local phenomenon. Explain how this is possible. Provide TWO (2) examples to illustrate this.,Comprehension,Understand
Explain TWO (2) strengths and TWO (2) weaknesses of clustering based method in outlier detection.,Analysis,Analyze
Draw a diagram of the Intelligent System structure with detailed explanation.,Comprehension,Understand
Identify any TWO (2) specific problems of the traditional hierarchical structures in response to the need to better manage knowledge.,Comprehension,Understand
Describe and compare the role of Islamic law in the legal systems of Malaysia and Pakistan,Comprehension,Understand
Majority shareholders may be opportunistic at the expense of minority shareholders due to their controlling stake in the company. Explain majority agency problem in the context of corporate governance.,Comprehension,Understand
Calculate the length of the projection of vector x on vector y.,Application,Apply
Compare and contrast our school to other communities.,Analysis,Analyze
Explain the change in conductivity for a metal and an intrinsic semiconductor as temperature increases.,Comprehension,Understand
Describe in your own words how to copy text from one program into another.,Comprehension,Understand
How would you investigate this patient,Analysis,Analyze
Define the term 'Production Possibility Curve' as used in the timber and steel factory.,Knowledge,Remember
State the rule for balls and strikes in baseball.,Knowledge,Remember
Define 2 dimensional and 3 dimensional designs.,Knowledge,Remember
Discuss SIX (6) considerations before choosing the foundation type.,Comprehension,Understand
"Using Nyquist Theorem, calculate the maximum sampling frequency.",Application,Apply
Describe the assumptions of monopolistic competitive market.,Comprehension,Understand
List down ALL types of brick wall and give explanations for each type of the wall.,Comprehension,Understand
Can you design a . . . to . . .?,Synthesis,Create
Thailand currently experiences a 17% unemployment rate and the investors in the country are sensitive towards changes in the interest rate. Explain to your friend the policy to be taken by Central Bank of Thailand to achieve 3% of unemployment rate by using appropriate diagram(s).,Comprehension,Understand
What are major facts about particular cultures and societies,Knowledge,Remember
"Using an appropriate example, explain how session listeners can be used in a web application.",Application,Apply
Write a letter to the editor on a social issue of concern to you.,Synthesis,Create
State the differences between Items Add method and Items Insert Method in Combo Box.,Knowledge,Remember
What is part of this book did you like best. Tell why you like it?,Evaluation,Evaluate
Explain THREE (3) differences of Red Green Blue (RGB) and Cyan Magenta Yellow (CMY).,Comprehension,Understand
Draw a faced-centered cubic (FCC) cell. Calculate the packing fraction of the FCC cell. State any assumptions you have made and explain your calculations.,Application,Apply
"Describe the effectiveness of advertising value of products, price, competition, consumer and business.",Comprehension,Understand
"Enzyme therapy is applied clinically to treat Gaucher disease. Describe the cause of the disease, the therapeutic enzyme and its function.",Comprehension,Understand
Describe how Phillip and Timothy survived on the Cay.,Comprehension,Understand
Determine the equilibrium price and quantity.,Application,Apply
Discuss the potential profit and loss for the long straddle.,Comprehension,Understand
Explain the purposes of scaling.,Comprehension,Understand
Briefly describe FOUR common characteristics that are possessed by a wild animal before they could be considered for domestication.,Comprehension,Understand
State FOUR (4) reasons why level strategy is attractive to some companies in preparing aggregate production plan.,Comprehension,Understand
List and briefly describe FOUR (4) types of secondary equity markets.,Knowledge,Remember
"From your observation, you noticed that agitation and aeration are important in cultivating the Lactobacillus acidophilus aerobically. Suggest the most suitable agitator that could be used for this purpose. Describe the proposed impeller type in detail.",Synthesis,Create
Explain on global and local approach in coordinating and controlling the international advertising.,Comprehension,Understand
Discuss the TWO (2) steps of Crisis Management Performance (CMP) evaluation process. Provide an appropriate example for each step.,Comprehension,Understand
"How do I differentiate between ""deceive"" and ""cheat on""?",Analysis,Analyze
Draw and label an activity temperature profile for mesophilic and thermophilic enzymes. Provide explanation to this phenomenon.,Comprehension,Understand
Can you please analyze modern contemporary culture and tell me how your work plays a significant part in the remains of our post-modernist culture ?,Analysis,Analyze
Outline FIVE (5) functional requirements of a floor.,Comprehension,Understand
Discriminate the pros and cons of ____.,Analysis,Analyze
Analyse the usage of a reading passages to enhance reading and thinking skills for Form 4 students with a high proficiency level.,Analysis,Analyze
"State, define and list the advantage(s) and disadvantage(s) of the THREE animal selection methods for multiple traits.",Comprehension,Understand
Name the property that states that,Knowledge,Remember
Define liberal art.,Knowledge,Remember
"The tyrosinase-containing solution was dissolved in 50 mM potassium phosphate buffer containing 0.01 mM NaCl, pH 6.5, before applying to a DEAE Sephadex A50 column. Suggest and explain how the mobile phase should be modified to elute the bound tyrosinase.",Synthesis,Create
Draw a technology enhanced language learning classroom sketch for low proficiency primary year 6 students. You should include FIVE (5) basic technology facilities with label which are essential to the integration of technology in the classroom.,Comprehension,Understand
Discuss TWO (2) common methods of managing inventory adopted by manufacturing and retailing companies.,Comprehension,Understand
Compare this piece of music with the music recorded in CD quality.,Comprehension,Understand
The internet increases customer benefits in many ways that have revolutionised marketing practices. Discuss with examples THREE (3) ways in which internet increases customer benefits from products offered online.,Comprehension,Understand
In what ways are foxes similar to wolves and dogs,Analysis,Analyze
Identify the advantages and disadvantages of in situ and ex situ means of remediating polluted soils.,Comprehension,Understand
Describe what multimedia is.,Knowledge,Remember
Who can use what we know about sonnets and finish this poem?,Application,Apply
Assuming that this monopolist is regulated to produce at that quantity where price equals average total cost. Calculate and find out what is the quantity the monopolist will produce and the price it will charge given this regulatory scenario.,Application,Apply
Explain why higher rates of nitrogen might be required for no tillage compared to conventional tillage.,Comprehension,Understand
Leaders often face a dilemma because of a perceived conflict between the realm of business and the realm of ethics. Compare the characteristics of leaders who follow a strict rational self-interest approach with those who take an ethical approach.,Analysis,Analyze
Compare matching demand and level aggregate production planning.,Analysis,Analyze
Explain the case study research method and distinguish between single and multiple case study design.,Analysis,Analyze
Can you find four different feelings Pa Lia had during the story?,Analysis,Analyze
Explain the communicative property.,Comprehension,Understand
"List the five groupings of amino acids based on the R groups, Give one example for each group.",Comprehension,Understand
List THREE (3) characteristics of monopolistic competition and explain how do firms in this market structure compete.,Comprehension,Understand
"By drawing appropriate diagrams, differentiate between flat file model and database model.",Analysis,Analyze
List any five departments and discuss the relations between these departments and the importance of depending on each other.,Analysis,Analyze
Draw a front and back for business card layout.,Comprehension,Understand
Who is the first president of USA,Knowledge,Remember
Suggest FIVE (5) actions that Public Mutual Berhad (PMB) can consider in championing the institutional shareholder activism.,Synthesis,Create
Standard ad formats such as leaderboard and skyscraper are common in digital display advertising. Propose FIVE (5) other creative ad formats which are more interactive and engaging.,Synthesis,Create
State and discuss on the general features of authoring tool.,Comprehension,Understand
Explain TWO characteristics of rich media.,Comprehension,Understand
Sketch a graph that associates with a monopoly. Find the profit-maximizing level of output and label it as q*. Find the price that firm should charge and label it as P*. Explain how the profit-maximizing output and price the firm should charge are determined. Explain what the firm should do if marginal revenue is higher than marginal cost.,Analysis,Analyze
Inspect the pattern of GPS positions relative to the “known” published value,Analysis,Analyze
"Due to saturated domestic markets, large firms were looking for foreign countries for new customers. Explain why China has been choose as a new market.",Comprehension,Understand
Explain the role of mesofauna in the decay of fresh organic matter.,Comprehension,Understand
"Give FIVE (5) examples of how a song can enhance a literature class, with an elaboration for each example given.",Comprehension,Understand
Recall the equation for the Ideal Gas Law.,Knowledge,Remember
Differentiate between Market Economy and Planned Economy.,Analysis,Analyze
What are the representational symbols on maps and charts,Knowledge,Remember
Show me how you would check the brake lights are working on this car,Application,Apply
Apply how semaphores and shared memory methods can be deployed to execute a particular task.,Application,Apply
"Discuss the THREE (3) important fundamentals in basic economic concepts that are opportunity cost, efficient market and marginalism.",Comprehension,Understand
Calculate the level of output needed to be achieved by Cambodia in order to maintain a balanced trade account.,Application,Apply
"Compare and contrast preview questions, clarifying questions and anticipated exam questions, including how each relates to the notetaking process?",Analysis,Analyze
How to specify the impact energy and impact test temperature of the material in the Code,Application,Apply
"In your opinion, identify the relationship between factors of and a country's economic system.",Comprehension,Understand
Prestressed concrete is a method for overcoming concrete's natural weakness in tension. Justify the TWO (2) common methods of prestressing.,Evaluation,Evaluate
"In a BJT, the width of the base quasineutral region has to be small compared to the minority carrier diffusion length. Explain why this is important",Comprehension,Understand
Corporate bond is a debt contract (indenture) that requires borrowers to make periodic payment of interest and repayment of principal at the end of maturity date. Explain the type of market for corporate bond.,Comprehension,Understand
"SUBWAY brand is the world's largest submarine sandwich chain with more than 44,000 locations around the world. This November, Subway is introducing two new combos as in the image provided below. Propose a rough layout of a poster to promote these new combos.",Synthesis,Create
Explain the conditions where underpinning are usually considered for an existing building construction works.,Comprehension,Understand
"As a supervisor for the brickworks, List FOUR (4) aspects of brick quality control in order to produce good architectural work.",Knowledge,Remember
State in your own words what the author means when he says,Comprehension,Understand
Can you solve the following problem,Application,Apply
Discuss FOUR (4) reasons why Capital Asset Pricing Model (CAPM) is not the best model to estimate returns.,Comprehension,Understand
Write a journal from the point of view of mountaineer.,Synthesis,Create
A bond fund manager decided to allocate certain percentage of the portfolio in foreign bond market to improve the reward-to-risk ratio. Briefly explain THREE (3) specific risks related to investing in international bond market.,Comprehension,Understand
Explain the components of CRM that Citibank used.,Analysis,Analyze
"In your opinion, discuss how modern supply chain management systems facilitate a pull-based model.",Comprehension,Understand
Explain THREE (3) difficulties in calculating national income accounting.,Comprehension,Understand
Recommend how our classroom or playground could be improved.,Evaluation,Evaluate
Draw Production Possibilities Frontier and Trading Possibilities Frontier for Argentina and Mexico.,Comprehension,Understand
"Your advice has been sought to settle the following dispute in Company X. Referring to appropriate legal principles, write a short report advising the company on the best course of action to adopt.",Evaluation,Evaluate
Distinguish between objectives and learning outcomes when planning a lesson.,Analysis,Analyze
Differentiate between data and information using a real life example.,Analysis,Analyze
Explain with appropriate examples how taxonomies would help analysis of items in market basket analysis.,Application,Apply
Explain the Mandatory of Product Adaptation.,Comprehension,Understand
"Based on the social learning perspective, propose a strategy that able to reduce or eliminate prejudice. Support your strategy with ONE (1) relevant example. Elaborate your example in details.",Evaluation,Evaluate
"Illustrate this caption: ""Olympic as a Media Event in the Information Society""",Comprehension,Understand
List out any SIX (6) factors to be considered when designing a layout.,Knowledge,Remember
Differentiate printf function calls for displaying prompts and for echoing data.,Analysis,Analyze
Justify and nominate ways to prevent animal extinction.,Evaluation,Evaluate
Compare the electrical conductivity of an insulator and a semiconductor at room temperature by using the energy band diagram.,Comprehension,Understand
"With the aid of a diagram, explain LOCOS.",Comprehension,Understand
Discuss the nature of socialism.,Comprehension,Understand
Label any Olympic sporting apparatus with design features.,Knowledge,Remember
Sketch a typical absorption process in a packed column with regeneration in form of,Application,Apply
Distinguish between abstract date types (ADTs) and implementations of ADTs,Analysis,Analyze
How much is your weight,Knowledge,Remember
Classify animals into two groups.,Comprehension,Understand
Explain how the increment or decrement operators affect the result of p.,Comprehension,Understand
How would you restructure the school day to reflect children's developmental needs?,Synthesis,Create
Briefly discuss THREE factors with ONE example each that should be considered when determining fertilizer placement method.,Comprehension,Understand
Combine any two sports to develop a new Olympic sport.,Synthesis,Create
"Using the process approach in writing composition, describe the activities you would carry out to write a composition entitled 'A visit to a zoo in a Form 1 class.",Comprehension,Understand
Write a list of criteria to judge the Willy raps.,Evaluation,Evaluate
"Name the amino acid residues with the single letter code ""EQRNHL"".",Knowledge,Remember
Explain FOUR (4) types of unemployment.,Comprehension,Understand
Do you think that this statement conveys the idea that i am trying to portray,Evaluation,Evaluate
List the characteristics peculiar to the Cubist movement.,Knowledge,Remember
List THREE factors that influence the type of irrigation used in agriculture.,Knowledge,Remember
Can you group by characteristics such as . . .?,Application,Apply
The scope of institutional shareholder activism includes attempts made to bring about changes in a company's behavior for adoption of good governance practices. Differentiate shareholder resolution and proxy voting as the two major tools for institutional shareholder to promote corporate governance.,Analysis,Analyze
"In maintaining concrete quality, identify SEVEN (7) good practices on site.",Knowledge,Remember
Estimate the communalities and specific variances for the first four variables.,Application,Apply
List FIVE (5) activities that you would use in the set-induction stage of a reading lesson Keeping our rivers clean.,Knowledge,Remember
Justify your choice of data structure.,Synthesis,Create
Give FIVE (5) guidelines when creating storyboarding.,Knowledge,Remember
Label the parts of the microscope shown on the right,Knowledge,Remember
Identify FIVE (5) Maslow's Hierarchy of Needs based on organizational context.,Knowledge,Remember
How does an endorsement differ from a teaching certificate,Analysis,Analyze
Devise a new economic system based on the ones that already exist.,Synthesis,Create
"Using transmission-gates, design and sketch a 4-to-1 multiplexer.",Synthesis,Create
Analyse the challenges facing a government in managing the construction economy and suggest the ways to overcome them.,Synthesis,Create
"Given two possible solutions, A and B, to solving the given software development problem, decide on the best solution. Give your justification.",Evaluation,Evaluate
"Construct a product structure. Identify components. parents, and components.",Synthesis,Create
Bitmap images imported into a Macromedia Flash presentation have limitations on how these images can be animated. Elaborate on these limitations that may affect the output of the animation created by Albert.,Comprehension,Understand
"Describe dictogloss and how it can be used to teach listening, writing and speaking skills for intermediate proficiency students.",Comprehension,Understand
"Explain in detail the chemisorptions of hydrocarbon (eg. alkene, alkyne etc). Focus only on molecular adsorption of hydrocarbon on solid surface at low temperature.",Comprehension,Understand
Calculate the number of sacrificial anodes that would be required to form a calcareous deposit on a steel pile immersed in seawater.,Application,Apply
Justify whether tRNA or mRNA would be more extensively hydrogen bonded.,Evaluation,Evaluate
Briefly describe the stages involved in sequence assembly for the whole genome shotgun methodology.,Comprehension,Understand
Name a major culture collection.,Knowledge,Remember
Distinguish the difference between low pass filter and high pass filter.,Analysis,Analyze
Explain why it is likely that a matriarchal family system would be found in a matrilocal or matrilineal society.,Synthesis,Create
Explain how GST approach can be deployed in the context of Accounting Information System.,Application,Apply
“Firms can use existing brand names or create new brands on the internet”. Evaluate on the above statement.,Evaluation,Evaluate
Classify a person who scored 12 and 10 for acceptability and confidence assuming equal cost of misclassification and current percentage of supporters being 40.,Comprehension,Understand
Can you write a new recipe for a tasty dish?,Synthesis,Create
State the rule for using a semicolon in a sentence.,Knowledge,Remember
Give FIVE (5) differences between the bitmapped image and vector graphics.,Comprehension,Understand
"Rewrite the sentence in your head, following the direction given below",Comprehension,Understand
"Recite the poem ""Auto Wreck"".",Knowledge,Remember
"Propose with justification, the types of maintenance relevant to a library building.",Evaluation,Evaluate
Examine carefully the given map extract on the following page to help you work out the exercise below.,Analysis,Analyze
Recall the definition of the formula datatype from your assignment 2.,Knowledge,Remember
Use the rule for a semicolon in a sentence.,Application,Apply
Suggest any TWO (2) efforts that organization may perform in order to discourage unethical behavior.,Synthesis,Create
State the formula for the area of a circle,Knowledge,Remember
Hersey and Blanchard (1977) style of leadership specifies that a leader's behavior corresponds to employees' level of maturity. Explain the FOUR (4) styles of Situational Leadership and support your answer with an example for each of the styles on whom they should be applied in an organization.,Comprehension,Understand
Analyze the characteristics of frogs.,Analysis,Analyze
Recall locations of a historical events,Knowledge,Remember
Identify some of the most important possible dimensions that should be included in the data modelling design.,Knowledge,Remember
Propose a line-up procedure that police departments can use to improve the accuracy. of eyewitness testimony. Support your proposal with ONE (1) relevant example. Elaborate your example in details.,Synthesis,Create
Give TWO examples how breeding is similar to natural selection.,Comprehension,Understand
"""An increase in the money supply will lead to an increase in the market equilibrium interest rate.” Comment and justify the above statement with an appropriate diagram.",Evaluation,Evaluate
How does autonomy differ with age,Analysis,Analyze
Provide each of Market Economy and Planned Economy with an example.,Comprehension,Understand
The oscillating jet method is commonly used to study the surface/interfacial tensions. Give another THREE methods that are used to measure surface/interfacial tension.,Comprehension,Understand
Use a manual to calculate an employee's vacation time.,Application,Apply
Draw a pH denaturation profile for an enzyme. Explain what happens to the enzyme during pH denaturation.,Comprehension,Understand
Explain distributive bargaining and integrative bargaining.,Comprehension,Understand
"Define the designation “Frame = -3"".",Knowledge,Remember
Compute the value of the government multiplier and tax multiplier in an open economy.,Application,Apply
Explain FOUR (4) advantages of using multimedia in classroom.,Comprehension,Understand
Evaluate TWO (2) strategies that have been implemented by McDonald's Malaysia in handling the crisis. Provide a justification and an example to support your answer for each of the strategies.,Evaluation,Evaluate
Was Hemingway a great American writer? First you will need to define greatness.,Evaluation,Evaluate
Briefly explain any TWO (2) reasons why multimedia is important for education.,Comprehension,Understand
Use the unification algorithm to determine whether the following two terms are uni_able. Show intermediate step,Application,Apply
Give the appropriate formula to calculate the kinetic energy of sodium.,Comprehension,Understand
Rewriting and restructuring are the methods to modify instructional material when it is adapted. Illustrate both methods by adapting a short story to teach speaking to intermediate proficiency students.,Comprehension,Understand
Design costumes for the characters.,Synthesis,Create
What is a global variable?,Knowledge,Remember
Compare Zener breakdown with avalanche breakdown in a pn junction and state THREE differences. Name a device that utilizes each breakdown mode.,Analysis,Analyze
Explain how Referral Networks approach can be used as a tool to increase number of customers.,Application,Apply
"Compute the duration for a five-year bond, RM1,000 par value bond with a 7 percent annual coupon which is trading at yield to maturity of 5 percent.",Application,Apply
Elaborate the objectives and basic design procedure of the foundation design of a building.,Comprehension,Understand
Rewrite the principles of test writing.,Comprehension,Understand
Sketch ONE (1) movement to show repetition in shape and color.,Comprehension,Understand
Define electronic commerce.,Knowledge,Remember
Explain the importance of using initial rate to determine enzymatic activity.,Comprehension,Understand
Define luxury consumption of plant nutrients.,Knowledge,Remember
List three predominant economic systems that exist,Knowledge,Remember
Evaluate the need for ethics in research.,Evaluation,Evaluate
Describe THREE factors that affect soil aeration.,Comprehension,Understand
Express your opinion of 'Drugs in Sport' through poetry.,Comprehension,Understand
Differentiate between qualitative research and quantitative research in terms of their goal and design.,Analysis,Analyze
Describe soil colloids and their importance.,Comprehension,Understand
List the major forces acting on the concrete body of the dam excluding earthquake and wind forces.,Comprehension,Understand
List the advantages and limitations of protein crystal structure determination using X-Ray crystallography.,Comprehension,Understand
Provide (with explanations) THREE (3) differences Programming and System Programming.,Comprehension,Understand
Explain the solum treatment used in the floor construction.,Comprehension,Understand
Discuss any THREE (3) advantages why digital video is preferred for video editing and post production.,Comprehension,Understand
Justify the object oriented programming concept,Evaluation,Evaluate
Winer (2001) proposes a 7-component Customer Relationship Management (CRM) Model as a framework to implement a successful CRM program. Evaluate each of the seven components of the CRM Model.,Evaluation,Evaluate
"Media planners want both effective and efficient media buys. In your role as a new media planner of a digital marketing agency, explain how would you know you have made an effective advertising buy over the internet.",Comprehension,Understand
Discuss the components that are integral to the internal control framework in a public listed company.,Comprehension,Understand
Stock market serves as an important predictor of economic activities. Explain how the stock market values can predict real economic activity.,Comprehension,Understand
Examine the use of pedagogical reasoning skills by teachers to enhance the usage of instructional materials in classroom.,Analysis,Analyze
"You attempt to purify a single protein X from a complex mixture of proteins. Protein X has a large number of aspartic and glutamic acid residues and no lysine, arginine or histidine residues. Suggest and explain a method to elute protein X from the column.",Synthesis,Create
"Discuss the extent to which it is feasible for a company to 'operationalise' its social responsibility Spirations, that is, whether it is possible to bring these considerations into strategic decision-making in a programmed or systematic way.",Evaluation,Evaluate
Identify FIVE (5) strategies to make hypermarket retail layout to be more attractive in responding to customers' various shopping behaviors.,Comprehension,Understand
Identify and elaborate FOUR (4) determinants of an option's premium.,Comprehension,Understand
Identify and discuss THREE (3) issues on employee productivity problems that companies face.,Comprehension,Understand
Explain the importance of using initial velocity to study enzymatic catalysis.,Comprehension,Understand
Discuss the main purpose of quiet on-site observation technique.,Comprehension,Understand
Appraise the speech's effectiveness based upon the class' criteria.,Evaluation,Evaluate
List and discuss briefly FIVE (5) learner-related factors when conducting an English lesson to a class of Form Two students.,Comprehension,Understand
How many instructions in the instruction set of RISC computer?,Knowledge,Remember
Identify TWO (2) perspectives that are able to explain the origin of prejudice.,Knowledge,Remember
Scaffolding is a temporary frame constructed to support a number of platforms at different heights and to provide workers a safe platform from which to work. Name any FOUR (4) types of scaffolding used in construction industry.,Knowledge,Remember
Critically analyze the image above and discuss the strategic decisions associated with the appeals of the advertisement.,Analysis,Analyze
Describe “mechanism-based inhibitors”.,Comprehension,Understand
Suggest FOUR (4) recommendations in dealing with intersexes.,Synthesis,Create
"Discuss the importance of shikimate pathway, a primary metabolism pathway related to plant secondary metabolism.",Comprehension,Understand
"Compare how the Net Present Value (NPV), IRR method and modified Internal Rate of Return (MIRR) method is different.",Analysis,Analyze
"As a spokesperson that is handling the crisis, identify TWO (2) potential trick questions that might be asked by the reporters during the press conference. Provide your answer with explanation and an example for each trick question identified.",Comprehension,Understand
Explain FOUR (4) benefits of mutual fund investment.,Comprehension,Understand
Describe how the hexokinase enzymatic activity could be determined using the coupled assay method.,Application,Apply
Describe the 5 hierarchical stages of Welliver's Instructional Transformation Model.,Knowledge,Remember
Discuss FOUR (4) key components that involve in explaining an organizational crisis. Explain your answer with an example for each component.,Comprehension,Understand
Draw TWO (2) point perspectives with TWO (2) geometrical forms.,Comprehension,Understand
"Draw the ""onion model that represents Schein's Model of Organizational Culture.",Comprehension,Understand
Determine which Angus bull would produce the heaviest offspring (on average). Justify your answer.,Evaluation,Evaluate
Tell in your own words the beginning of the book.,Comprehension,Understand
Discuss the best practices to reduce construction demolition and waste for sustainability.,Comprehension,Understand
Explain the differences between ethical dilemma and ethical lapse.,Comprehension,Understand
How are the adolescents with ASD similar of different from each other in their sources of communication breakdowns ?,Analysis,Analyze
List FIVE (5) differences between forward and future market.,Knowledge,Remember
"Assume that Saudi Arabia is currently operating at the natural level of output. However, due to the political uncertainty it leads to an increase in oil price. Discuss the effects of the event on the price level, unemployment and output in the long run and short run in Saudi Arabia by using appropriate diagrams. Besides, suggest the policy that can be implemented by Saudi Arabia in order to achieve long run equilibrium after the event.",Synthesis,Create
How would you classify the geographic location of your school,Comprehension,Understand
when did saudi arabia start using internet,Knowledge,Remember
Demonstrate how this could work in an industry setting?,Application,Apply
Explain why hazard identification in the case of pathogens is complicated.,Comprehension,Understand
Define organizational culture according to Schein (1990).,Knowledge,Remember
Explain the price discriminations that associated with monopoly.,Comprehension,Understand
List the data members,Knowledge,Remember
State TWO phenomena that affect the stabilization of colloidal nanoparticles in aqueous medium.,Knowledge,Remember
Explain how human capital can lead to economic growth.,Comprehension,Understand
"Briefly compare this way of testing the satisfiability of to the more standard way using SLD Resolution, as in Prolog",Comprehension,Understand
Explain FIVE (5) key components of organization crisis definition.,Comprehension,Understand
how do we devise a way to enforce the laws,Synthesis,Create
"Following the identification of the forms of corrosion that were involved in a failure, recommend a solution to avoid this failure?",Synthesis,Create
Draw and label the typical heat denaturation curves for mesophilic and thermophilic enzymes.,Comprehension,Understand
Relate topographic map to field features,Application,Apply
when did the first saudi radio station open,Knowledge,Remember
Use Java math class and write the java statement for d = 2 * 2 + y * 2.,Application,Apply
Give the enzyme group number and name for acetylcholine esterase. Describe the non-covalent interactions used by acetylcholine esterase for substrate binding.,Comprehension,Understand
"Draw a body-centered cubic (BCC) unit cell. Calculate the volume density and area density on the (0, 0. 1) plane of a BCC cell if the lattice constant is 2.3 Å. Give a brief explanation of your calculations.",Application,Apply
Give TWO (2) differences between Unicode and IS0-8859 text encoding formats.,Comprehension,Understand
Briefly discuss any TWO (2) consequences for whistle-blowing activity.,Comprehension,Understand
Give the difference between parameter and formal parameter.,Comprehension,Understand
Write a Java program that lets the user enter a year and checks whether it is a leap year.,Synthesis,Create
Write an essay in not more than 250 words about India and Technological Advancement. Use active voice as much as possible.,Synthesis,Create
Discuss FOUR (4) common modern construction problems to anticipate.,Comprehension,Understand
Describe the components involved in the formation of a folded enzyme.,Comprehension,Understand
Write FIVE (5) types of lines.,Knowledge,Remember
Elaborate FIVE (5) factors that will influence the demand and supply of a currency.,Comprehension,Understand
Treating emotion as a useful concept is challenging. Critically discuss why treating emotion as a useful concept is challenging. Provide TWO (2) points.,Comprehension,Understand
"Popular search engines such as Google, Yahoo and others are used to search information on the web based on user defined keywords. Determine and justify the appropriate HTTP method that should be deployed by those search engines.",Evaluation,Evaluate
"Identify the genetic elements in the DNA sequences of Homo sapiens, Homo luzonensis and Homo erectus. Justify your answer.",Evaluation,Evaluate
Define the chemical interaction indicated by the arrows. Identify the binding region of an antigen on the antibody structure.,Comprehension,Understand
Demonstrate email and social media approaches to create effective marketing plan.,Application,Apply
Describe Impressionism art style.,Knowledge,Remember
Explain how RFID provides value to businesses.,Comprehension,Understand
"Award the contract to the best proposal. Rank the principles of ""good sportsmanship"" in order of importance to you.",Evaluation,Evaluate
Describe how accurate mass spectrometry could be applied to determine if a small protein contains a pair of disulfide-bonded cysteine residue or two reduced cysteine residues. Explain how you can confirm your finding.,Analysis,Analyze
What would happen if . . .?,Synthesis,Create
Discuss any FOUR (4) underlying principles of lean manufacturing approach.,Comprehension,Understand
Explain the concept of Customer Relationship Management (CRM).,Comprehension,Understand
Calculate the average holding and setup cost per year.,Application,Apply
Identify TWO (2) types of personality that are relevant to aggression.,Comprehension,Understand
Judge aesthetic qualities and relationship to future values.,Evaluation,Evaluate
"Describe the common structural features of phosphatidylserine, phosphatidylethanolamine, phosphatidylcholine and phosphatidylinositol. State their general function(s).",Comprehension,Understand
Judge how well a project meets the criteria of a rubric.,Evaluation,Evaluate
Discuss ONE (1) advantage and ONE (1) disadvantage of BASIC and FORM based authentication mechanisms.,Comprehension,Understand
Discuss the negative effects of advertising on children.,Comprehension,Understand
Estimate expenditure on HIV/AIDS education,Evaluation,Evaluate
Suggest and justify ONE (1) strategy that your company may consider for marketing its products internationally.,Evaluation,Evaluate
Elaborate in general how construction industry is managed by the government and in detail how a government strategy to improve the industry can be delivered effectively.,Comprehension,Understand
State the objective of proactive resistance management and briefly describe THREE methods of this management.,Comprehension,Understand
Draw a technology enhanced language learning classroom sketch for advanced level primary year 6 students. You should include FIVE (5) basic technology facilities with label which are essential to the integration of technology in the classroom.,Comprehension,Understand
Primary structure of a protein plays a significant role in determining the native structure or the protein fold. Comment on the statement.,Evaluation,Evaluate
Identify and explain the possible consequences of connecting a database with a web application without using database pooling method.,Comprehension,Understand
Sketch the Type I isotherm and provide a brief description of its nature and the processes that gives rise to the isotherm.,Application,Apply
Write a Java loop that will display the phrase one more time four times. Include any declarations or initializing statements that are needed.,Comprehension,Understand
Calculate the percent invested in inventory.,Application,Apply
Provide TWO (2) possible reasons why AirAsia decide to offer this new online service.,Comprehension,Understand
Define and explain reinvestment risk with an example.,Comprehension,Understand
"If your story occurred long ago, compare that time with today in a good paragraph. If it was a modern story, compare it with a long time ago and tell what would be different.",Analysis,Analyze
Cyrus claimed that placentomes could be observed using a transabdominal probe to scan both pregnant sow and doe on day-20 of gestation. Justify whether his claim is true or false.,Evaluation,Evaluate
Define economic growth. List and explain how the public policies can promote economic growth.,Comprehension,Understand
Estimate the number of bytes required for the storage of a full 5 minutes performance at CD quality audio.,Application,Apply
Briefly explain THREE (3) main sources of banks earnings.,Comprehension,Understand
Elaborate FOUR (4) advantages of using Web 2.0 and 3.0 in teaching and learning.,Comprehension,Understand
What evidence can you find to suggest that people should be regarded as the most important resource of an organisation?,Analysis,Analyze
Rate the following recommendations and set the priority _____.,Evaluation,Evaluate
Design an ideal newspaper organizational chart. Then describe the functions of the respective departments and how they relate to each other horizontally and vertically.,Synthesis,Create
Name 5 steps that follow the taking of notes (within 24 hours or less)?,Knowledge,Remember
When did the second world war happen,Knowledge,Remember
Massive Open Online Course (MOOC) is a developing trend in media and technology. Predict the future of higher education with MOOC.,Comprehension,Understand
Describe the 'Qlassic Assessment' principles on how to perform the evaluation.,Comprehension,Understand
Evaluate the appropriateness of drugs advertising by the pharmaceutical firms.,Evaluation,Evaluate
Critically discuss FOUR (4) main dimensions that used to classify countries based on Hofstede's Cultural Dimensions Theory.,Analysis,Analyze
Outline THREE (3) uses of digital audio in the multimedia presentation.,Knowledge,Remember
How would you create/design a new...?,Synthesis,Create
Explain the CRM implementation in Chola MS.,Comprehension,Understand
How does Tdap differ from Td vaccine,Analysis,Analyze
Define schemas.,Knowledge,Remember
You are a project manager working on a 8 storey building conservation project located in a congested urban area with poor soil bearing capacity and underground public utilities. Propose to the building owner why an internally braced shoring system is preferable to raking shore and weighted vertical dead shores.,Synthesis,Create
What approach would you use to prove the truth of the below statement,Application,Apply
Discuss FIVE (5) stages of crisis management. Provide your discussion with ONE (1) appropriate example for each stage.,Comprehension,Understand
"In order to achieve high economy growth the government can implement expansionary fiscal policy, however, the effect of an increase in government spending can be taken aback by crowding out effect. Recommend and graphically explain the action that can be taken by Bank Negara Malaysia (BNM) to avoid this problem.",Synthesis,Create
Draw the face-centered cubic cell and determine its packing fraction. State and explain the assumptions you have made.,Application,Apply
Calculate the deflection of a beam under uniform loading.,Application,Apply
Elaborate THREE (3) channels of the transmission process for monetary policy.,Comprehension,Understand
Explain in your own words what a recessive gene is.,Comprehension,Understand
Prepare a research proposal on a study that you have to conduct on the purchasing behaviour of teenagers in the Klang Valley.,Synthesis,Create
Identify FOUR (4) types of key publics that McDonald's Malaysia has to notify about the crisis. Explain your answer with appropriate example for each of the publics.,Comprehension,Understand
Outline TWO (2) main causes of inflation.,Comprehension,Understand
Name the main characters in the story.,Knowledge,Remember
How do you construct foliations on a given manifold M?,Application,Apply
Determine the author’s point of view,Comprehension,Understand
Name the enzyme commonly used to detect liver damage or muscle damage in clinical diagnosis.,Knowledge,Remember
Propose an e-commerce classification model that suits the needs of John's business. Justify your answer.,Evaluation,Evaluate
Illustrate how the Variable Length Encoding algorithm can be used to encode symbols 'SOOOSAY T '.,Application,Apply
Explain the usage of multimedia in healthcare.,Application,Apply
Make a scrapbook about the areas of study.,Application,Apply
Describe the applications of mild steel in construction.,Comprehension,Understand
Discuss FIVE (5) advantages of IBS compared to conventional in situ concrete.,Comprehension,Understand
Discuss TWO (2) web application frameworks that are suitable to be used in the proposed application.,Synthesis,Create
Design a machine to perform a specific task.,Synthesis,Create
"You attempt to purify a single protein X from a complex mixture of proteins. Protein X has a large number of aspartic and glutamic acid residues and no lysine, arginine or histidine residues. Propose an adsorption column chromatography technique which could retain protein X but elute other contaminants at pH 7. State your assumption(s).",Synthesis,Create
"You are on a mission to study the microbial diversity in a hyperarid desert. Design experimental steps in collecting, storing, and analyzing the samples. Justify the choices in each step and predict the types of microbes that could be found.",Evaluation,Evaluate
Explain what is meant by the term Interactivity.,Comprehension,Understand
Conduct an investigation to produce information to support a view.,Analysis,Analyze
Summarize the basic tenets of collaborative conservation.,Comprehension,Understand
Explain the main difference between uncompetitive and noncompetitive inhibitors.,Comprehension,Understand
Sketch ONE (1) organic object in one layout to show harmony in shape and color.,Comprehension,Understand
Differentiate between electroosmosis and electrophoretic mobility of solutes in capillary electroosmosis.,Analysis,Analyze
Write an assignment statement that disables a radiobutton named radioButton.,Comprehension,Understand
Name and briefly describe three types of column chromatography used in protein purification.,Comprehension,Understand
"By assuming other factors (pH, water content and etc.) are being equal in clay loam and sandy loam, state which soil would be expected to have higher organic matter content. Justify your answer.",Evaluation,Evaluate
Calculate the inventory turnover.,Application,Apply
Compare herbatious and carnivorous animals on a Venn diagram.,Analysis,Analyze
Discuss the usefulness of HttpSessionActivationListener in web applications.,Comprehension,Understand
State the four different bias modes of a BJT and explain how they are obtained.,Comprehension,Understand
List and describe THREE (3) accounting cycles in an Accounting Information System.,Knowledge,Remember
"Explain the reason why it is not necessary to include product cost (price or price times quantity) in the EOQ model, but the quantity discount model requires the inclusion of product cost.",Comprehension,Understand
Design a building to house your study.,Synthesis,Create
Discuss the procedures of the non-suspended reinforced concrete ground floors construction.,Comprehension,Understand
Distinguish between 'Trench' and 'Pier holes/ Pits' construction excavation.,Analysis,Analyze
Construct a poster that will advertise your new food product in an exciting and irresistible way.,Evaluation,Evaluate
Draw the block diagram of the central processing unit,Knowledge,Remember
Describe and sketch the THREE (3) types of brick bonding.,Application,Apply
Calculate the balance of trade when the economy is at equilibrium.,Application,Apply
"Technology has been used in most schools since the 90s, but it still has some interruptions. Validate the top FOUR (4) problematic issues with technology in education today.",Evaluation,Evaluate
Who was the writer of the Hamilton,Knowledge,Remember
Explain briefly 'designer' and 'professional designer'.,Comprehension,Understand
GenBank offers a few options for nucleotide sequence submissions. Name TWO available options and when are they used.,Comprehension,Understand
How is . . . similar to . . .?,Analysis,Analyze
Briefly explain the characteristics of monopolistic market structure.,Comprehension,Understand
Briefly explain how the aggregation processes could improve the water quality in a water treatment plant.,Comprehension,Understand
"In your opinion, which parental group selected will give a higher gain in Kaseem's breeding programme. Show the calculation and justify your answer.",Evaluation,Evaluate
Apply your understanding the Olympic spirit to develop a new motto or slogan.,Application,Apply
in which continent does the state of suriname fall,Knowledge,Remember
Solve for the ten following fraction multiplication problems. Please make sure to show all your work.,Application,Apply
Discuss TWO (2) benefits of Java Servlets in web applications.,Comprehension,Understand
Estimate the risk of serious illness for consumers in different susceptible population groups,Evaluation,Evaluate
in which countries is arabic language spoken,Knowledge,Remember
"John Watson passed away and left behind a legal child, Mary Watson, as well as two girlfriends, Susan and Petty, who were in their 8 week of gestation. Susan claimed that she bore an illegitimate child of John Watson. Propose and design the most suitable paternity experiment to prove Susan's claim. You may outline your experiment using schematic diagram(s).",Synthesis,Create
Analyze safe and dangerous aspects of these features.,Analysis,Analyze
Suppose Phillip wasn't rescued shortly after Timothy's death. How long could he have survived?,Synthesis,Create
Write TWO reasons on the slow adoption of biological control in weed management.,Comprehension,Understand
Define “biogeochemical cycling” and discuss its importance to the ecosystem and survival of living organisms.,Comprehension,Understand
"Evaluate a work of art, giving the reasons for your evaluation.",Evaluation,Evaluate
Make up a puzzle game using the ideas from the study area.,Application,Apply
Estimate the epicentral coordinates of the earth-quake,Evaluation,Evaluate
Explain FIVE (5) phases of graphic design process.,Comprehension,Understand
"Illustrate with a labeled drawing the pathway of sulfate assimilation in leaf mesophyll cells. In your answer, describe how sulfate is transported from the root to leaf cells, the energy requirements of sulfate assimilation, and the fate of unassimilated sulfate.",Comprehension,Understand
"Response and Task-Based Learning are methods often used in an classroom. Differentiate the two methods by describing THREE (3) characteristics for each method, and give examples of ONE (1) material and ONE (1) activity using that material.",Analysis,Analyze
Determine if a character’s actions were heroic,Evaluation,Evaluate
Discuss the advantages of reducing the minimum feature size.,Comprehension,Understand
Describe FIVE (5) limitations of small size construction firms in Malaysia.,Comprehension,Understand
Use the Chapman-Kolmogorov Equations procedure to find the n-step transition matrix pUi for n = 2 and 5.,Application,Apply
"In a given clinical situation, select the most reasonable intervention and predict the main effects and possible side effects.",Evaluation,Evaluate
Draw and label an Eisenthal-Cornish-Bowden direct plot. Explain how kinetic parameters could be determined from this plot.,Application,Apply
Do you devise a systematic approach in order to get larger progressions,Synthesis,Create
Indicate whether S2 or S3 is useful for genetic linkage analysis. Justify your answer.,Evaluation,Evaluate
Briefly describe the hierarchical classification of proteins using CATH classification.,Comprehension,Understand
"""Portfolio management strategies are different based on the investor's risk preferences and expected return"". Based on above statement, explain TWO (2) major portfolio management strategies.",Comprehension,Understand
Evaluate the level of galvanic coupling between two metals using basic kinetic information? (level 4),Evaluation,Evaluate
Argue the case for conducting experimental research involving humans and propose guidelines to ensure that the dignity and welfare of the subjects are maintained.,Evaluation,Evaluate
"Examine what helps to make a good Olympics? Think about money, schedules, sports and people.",Analysis,Analyze
Explain the anti-advertising consumer organizations culture.,Comprehension,Understand
Explain why it is important for the width of the base quasineutral region to be small compared to the minority carrier diffusion length in the operation of a BJT.,Comprehension,Understand
Pretend you are a librarian recommending this book to someone. Write a paragraph telling what you would say.,Synthesis,Create
Briefly explain how Ant Colony Optimization (ACO) algorithm can be used to solve Travelling Salesperson Problem (TSP).,Application,Apply
State the importance of data generated from a given hydrophobicity plot. Describe the relevant information that can be deduced from the plot generated.,Comprehension,Understand
Create an equation to represent the solution to this problem.,Synthesis,Create
Briefly explain why formation of solid forms in final product such as glasses and bottles in glass industry is a disadvantage.,Comprehension,Understand
Briefly explain how clay particles and soil organisms influence soil structure.,Comprehension,Understand
Justify two (2) lean techniques that work in both the manufacturing and service sectors.,Evaluation,Evaluate
Describe how the linear polarization method can yield corrosion rates,Comprehension,Understand
"Given three possible approaches to implement the defined system, discuss the possible advantages and disadvantages of each approach.",Evaluation,Evaluate
Identify ONE (1) most likely error of the following quotation.,Knowledge,Remember
"Design a sketch section of the floor slab adjoining the parapet that includes the scupper drain, drain guard, water proofing layer, and protective topping.",Synthesis,Create
Illustrate the stages of product approach of teaching ESL writing. Use appropriate examples.,Comprehension,Understand
The Political-Legal Environment of the Home Country is included In International marketing and advertising. Explain the Trade Sanctions and Export and Import Controls.,Comprehension,Understand
How could you re-write this story with a city setting?,Synthesis,Create
Write another ending to the story that is different from the author’s ending.,Synthesis,Create
Apply SWOT analysis in education environment and discuss its impact in the revenue analysis.,Application,Apply
Explain any FOUR (4) elements of vertical downward communication. Support your explanation with an example for each element on how they are beneficial to an organization.,Evaluation,Evaluate
Design a building according to given specifications,Synthesis,Create
Create plan of local environment by drawing around boxes.,Synthesis,Create
Apply the zero length suppression on the token stream.,Application,Apply
Construct an executive remuneration package using the remuneration framework as a guide.,Application,Apply
Explain the use of scaffolding in construction.,Comprehension,Understand
Judge the validity of arguments for and against astrology,Evaluation,Evaluate
Can you compare your . . . with that presented in . . .?,Analysis,Analyze
Use Gauss’ Law to find the electric field between the plates when the charge on them is Q,Application,Apply
Calculate the balance of trade when the economy is at equilibrium and interpret your answer.,Application,Apply
Discuss any THREE (3) negative impacts of entertainment media to our society.,Comprehension,Understand
You are working with SP Setia Properties as the Sales Manager for the following project. Discuss EIGHT (8) ways to increase profits of the project.,Comprehension,Understand
List the advantages and disadvantages of Public Offering.,Knowledge,Remember
State the significance of “Score” in the BlastX alignment.,Comprehension,Understand
Recommend appropriate data warehouse architecture for the company and illustrate it with a diagram.,Synthesis,Create
Explain THREE (3) purposes of architectural drawings to architects and other parties in the construction team.,Comprehension,Understand
Highlight THREE (3) differences between bitmap images and vector graphics.,Comprehension,Understand
"Critically review the strengths, weaknesses, opportunities and threats of Associated Meats Sdn Bhd in light of the forecast trends and developments.",Evaluation,Evaluate
would you classify the zener diode in this circuit as a series voltage regulator or a shunt voltage regulator,Comprehension,Understand
Explain how the affinity of hemoglobin for oxygen is regulated.,Comprehension,Understand
Specify a deterministic finite automaton (DFA) recognizing the,Application,Apply
State TWO (2) advantages of continuous bioreactors over batch bioreactors.,Knowledge,Remember
Discuss TWO adverse consequences of using wetlands as recipients of irrigation wastewater.,Comprehension,Understand
Describe diminishing of marginal product and explain the relationship between average product and marginal product by using an appropriate diagram.,Comprehension,Understand
Briefly explain if restriction mapping is useful in determining the presence of minisatellite.,Comprehension,Understand
Name the amino acids for the following single letter codes: DMVREL.,Knowledge,Remember
State how to find a word in a dictionary,Knowledge,Remember
"Classify the following substances as particle, atom, element, molecule, compound",Comprehension,Understand
Restate the Olympic motto in your own words.,Comprehension,Understand
Are you a . . . person?,Evaluation,Evaluate
Examine FIVE (5) advantages of using video as instructional materials to primary school students.,Analysis,Analyze
State the purposes of risk assessment.,Knowledge,Remember
Companies must take reasonable steps to ensure that their investors enjoy equal access to material information. Briefly describe SIX (6) corporate disclosure policies under Main Market Listing Requirements (MMLR).,Knowledge,Remember
Illustrate by using appropriate diagram(s) the effects of the most commonly and the least used monetary policy tool on the market interest rate if the central bank implements the expansionary monetary policy.,Comprehension,Understand
Compare product layout and process layout.,Analysis,Analyze
Explain FIVE (5) characteristics of social media.,Comprehension,Understand
Mass media regularly use women in the mediuin of marketing and advertising. Discuss the possible negative consequences for various segments of the population and society.,Comprehension,Understand
Draw the water surface profile when the rainfall intensity is more than the design rainfall so that the inlet of the cuivert is submerged. Explain how the flow rate can be computed in this case.,Application,Apply
Write a set of rules to prevent what happened in the story.,Synthesis,Create
There are several corporate governance tools available for institutional shareholders activism. Differentiate shareholder resolution and proxy voting,Analysis,Analyze
National income can be calculated using three approaches. State the THREE (3) approaches.,Knowledge,Remember
Sketch a diagram to illustrate the activities and products in the construction industry.,Application,Apply
List and explain TWO (2) advantages and THREE (3) disadvantages of economic growth.,Comprehension,Understand
"Briefly explain the income-consumption curve. With the aid of diagrams, derive income-consumption curve and Engel curve if there is an increase in income given that the good is an inferior good. Explain your answer by showing at least two bundles of goods in the diagrams.",Comprehension,Understand
How does one specify the syntactical restrictions,Application,Apply
Identify TEN (10) tips during the press conference.,Knowledge,Remember
Generalize FIVE (5) ways to use digital photography in classroom teaching and learning.,Evaluation,Evaluate
Briefly explain TWO (2) common techniques for data compression. Illustrate your answer with an example of each type of compression.,Comprehension,Understand
Discuss the significance of hydrophobicity plot in transmembrane protein research.,Comprehension,Understand
Briefly explain any TWO (2) observations of information technology trend using Moore's Law.,Comprehension,Understand
List THREE applications of degenerate PCR amplification.,Knowledge,Remember
Evaluate the functions of the component of a structural floor.,Evaluation,Evaluate
Can you assess the value or importance of . . . ?,Evaluation,Evaluate
Describe the TWO (2) conditions that lead to bank failures. Provide the examples of bank failures that happened in the past with a specific time frame.,Comprehension,Understand
Explain TWO (2) components of art.,Comprehension,Understand
"Comparing to the reference sequence, identify the functional elements to represent S2 and S3, respectively.",Comprehension,Understand
Describe what happens during the negative feedback loop of thermoregulation.,Comprehension,Understand
Analyze and discuss the conceptual influence of the philosophy on education today.,Analysis,Analyze
"Using the multiplier approach, suppose government increases spending to 2200 and decreases tax by 500, calculate the new equilibrium output level and the new balance of trade.",Application,Apply
Igneous rock can be formed either underground or above ground. Elaborate.,Comprehension,Understand
Discuss the advantages of FinFETS over planar MOSFETs.,Comprehension,Understand
Explain why the intrinsic carrier concentration of Ge is higher than Si at T = 300 K.,Comprehension,Understand
Briefly explain any TWO (2) security objectives of audit trails.,Comprehension,Understand
Analyze FOUR (4) advantages of mobile assisted learning as an emerging digital technology used in teaching and learning.,Analysis,Analyze
"Given these five corrosion inhibitors, V, W, X, Y, Z, identify which are passivators",Comprehension,Understand
State your recommended solution with justification.,Evaluation,Evaluate
"Using the basic principles of socialism discussed in this course, evaluate the US economic system by providing key arguments to support your judgment.",Evaluation,Evaluate
Design a new monetary system or an experiment for establishing.,Synthesis,Create
Discuss the implications of Efficient Market Hypothesis for Technician (Chartist) and Fundamentalist.,Comprehension,Understand
Determine the type of MOSFET.,Application,Apply
"“Instead of focusing only on investing in local market, some investors also invest in foreign market”. Justify above statement by providing FOUR (4) benefits of investing in foreign market.",Evaluation,Evaluate
"Differentiate the properties between clay brick and autoclave aerated concrete (AAC) block in term of compressive strength, density, colour, acoustic performance and thermal insulation.",Analysis,Analyze
Briefly explain any TWO (2) advantages of real time data processing in the sales and cash receipt system.,Comprehension,Understand
List FIVE (5) elements in downward communication.,Knowledge,Remember
Define soil pH.,Knowledge,Remember
Briefly explain why does surface tension remain constant once critical micelle concentration (CMC) is reached.,Comprehension,Understand
Explain THREE (3) advantages of MVC (Model View Controller) pattern in developing web applications.,Comprehension,Understand
The unemployment problem can be overcome by increasing the aggregate output in a country. Explain THREE (3) multiplier concepts that can be applied in this problem.,Application,Apply
Prove that the wave function of a free electron is a plane wave by using Schrodinger's equation.,Evaluation,Evaluate
Explain FIVE (5) characteristics of Industrialised Building System (IBS) in construction.,Comprehension,Understand
Explain the effect of stereotyping young teenage in advertising on society.,Comprehension,Understand
Write in details FIVE (5) phases of design process.,Comprehension,Understand
Interpret the graph and state how many trees were cut down to produce paper.,Application,Apply
Explain the meaning of creative brief.,Comprehension,Understand
Develop a SQA Plan for a software development project which is defined in the attached document.,Synthesis,Create
In order to reduce the international competition to protect some major sector of the economy. List and explain THREE (3) instruments that can use to protect our domestic industries.,Comprehension,Understand
Derive a kinetic model from experimental data.,Application,Apply
Outline the FIVE (5) options marketers have when it comes to Agency Selection.,Comprehension,Understand
"Referring to the given poster design, explain in details the usage of elements and principles of arts.",Comprehension,Understand
Discuss the main objective of layout design rules.,Comprehension,Understand
"""HTTP POST method is better suited to send confidential information compared to HTTP GET method in web applications."" Justify the statement.",Evaluation,Evaluate
How would you change the story to create a different ending?,Synthesis,Create
Informal communication network roles are equally important as formal ones. Describe any FOUR (4) of the influential roles and discuss the benefits each of the roles can bring to organizations.,Comprehension,Understand
"Calculate the total cost per year, including the cost of the lights.",Application,Apply
What would result if …,Application,Apply
Apply and integrate several different strategies to solve a mathematical problem (not according to one formula(,Synthesis,Create
Express the rule in function notation,Comprehension,Understand
Evaluate whether their model is a true representation of the local environment.,Evaluation,Evaluate
"Provide a guideline for effective use of photography of display materials"" in teaching of English language.",Comprehension,Understand
What do you think is the best thing about coming to Viestal?,Evaluation,Evaluate
Explain what a junk bond is and its role in the financial market.,Comprehension,Understand
Estimate roughly how long the collision process takes,Evaluation,Evaluate
Define brand audit.,Knowledge,Remember
How many kilometers from your home to the university,Knowledge,Remember
"Write an appropriate learning outcome to teach “in”, “on”, beside', 'opposite and 'under.",Comprehension,Understand
"Illustrate by using a real life example on the possible relationship between data, information and knowledge.",Comprehension,Understand
"Draw 3 pictures showing the beginning, middle and ending of the story.",Application,Apply
"How effectively did students analyze course content on race, class, and privilege through autobiographical reflection",Analysis,Analyze
Explain THREE (3) advantages of using aluminium to fabricate roof gutter.,Comprehension,Understand
Describe the major functions or roles of soil microbes that beneficially impact human health and welfare.,Comprehension,Understand
Identify FIVE (5) problem solving processes.,Knowledge,Remember
Soil algae and protozoa are usually restricted at the uppermost soil layers and smaller than their aquatic counterparts. Justify.,Evaluation,Evaluate
"Using appropriate examples, discuss a situation in which custom tags would be appropriate to use.",Application,Apply
"With suitable examples, briefly discuss the importance of soil aeration.",Comprehension,Understand
decide about the most exciting part of the book. being sure to give at least three reasons why?,Evaluation,Evaluate
Organize this book into three or more sections and give your own subtitle for each section.,Synthesis,Create
Distinguish between flat roof and pitched roof.,Analysis,Analyze
List FOUR conditions required in order for an animal population to remain at Hardy-Weinberg equilibrium.,Knowledge,Remember
"Explain, using appropriate examples, FIVE (5) possible sources of data pollution in implementing data warehouse in the bank.",Comprehension,Understand
Identify three mistakes from the passage and correct them.,Comprehension,Understand
Calculate the fitness function for all chromosomes in the population.,Application,Apply
What criteria would you use to assess the validity of a business contract?,Evaluation,Evaluate
Suggest a type of metal for reinforcing a concrete structure.,Synthesis,Create
Describe THREE (3) types of test that can be applied for a concrete structure survey.,Comprehension,Understand
Compare and contrast continuous and discontinuous replications.,Analysis,Analyze
Design a healthy menu that you think most people would enjoy using the healthy eating guide.,Evaluation,Evaluate
Describe 4 types of coupling in software design.,Comprehension,Understand
How was life different in your town 100 years ago?,Analysis,Analyze
Identify SIX (6) factors to be considered when designing layout.,Knowledge,Remember
Write THREE (3) categories of color.,Knowledge,Remember
Describe the meaning of 'design'.,Knowledge,Remember
"Design a record, book or magazine cover for...",Synthesis,Create
How Do You Think One Should Reason in Making Ethical Decisions in Business,Evaluation,Evaluate
Compose a class story.,Synthesis,Create
Describe the THREE (3) roles for social media in branding.,Knowledge,Remember
"Explain the definition of a “robust model”. Specifically, if a manager exclaimed “The calculated EOQ is wrong because the actual demand is 10% greater than estimated”, justify your response.",Evaluation,Evaluate
Enzymes are applied in the medical field based on their specific functions. List the THREE main areas of clinical enzymology and provide ONE example how enzymes are used in each area.,Comprehension,Understand
Explain the process of consumer perception and provide ONE (1) example to support your explanation.,Comprehension,Understand
Which technology is used by laser printer,Knowledge,Remember
Determine the oxide capacitance.,Application,Apply
Translate a written text aloud from L2 to English.,Comprehension,Understand
"""Microsatellite tandem repeats are abundant in human promoters and are associated with regulatory activity (Sawaya et al., 2013).” Discuss the statement and support your views with examples.",Evaluation,Evaluate
"Based on your knowledge on the physics of semiconductors, evaluate the limit for the minimum feature size of silicon MOSFET.",Evaluation,Evaluate
The price of good is one of the internal factors of determinants of demands and it also depends on the cost of production. Describe the TWO (2) types of production cost with examples.,Comprehension,Understand
Identify fractions from a pictorial representation,Knowledge,Remember
How would you decide about...?,Evaluation,Evaluate
Name and briefly discuss the EIGHT (8) documents used in the purchase and cash disbursement process of a company.,Comprehension,Understand
Discuss FIVE (5) main differences between aims and learning outcomes.,Comprehension,Understand
Give THREE disadvantages of X-Ray Photoelectron Spectroscopy (XPS).,Comprehension,Understand
Relate the principle of reinforcement to classroom interactions.,Application,Apply
Cloud computing evolved from earlier technologies. State them.,Knowledge,Remember
Design a possible website structure to teach writing skills to children aged 4-6. There should be at least 3 components.,Synthesis,Create
Analyse the behavior of subsoil of coarse grained non-cohesive soils and fine grained cohesive soils.,Analysis,Analyze
Explain briefly the design development process.,Comprehension,Understand
Construct an analog circuit with the following specifications,Application,Apply
Name the THREE types of land application of wastewater.,Knowledge,Remember
Calculate the equilibrium level of income for Cambodia.,Application,Apply
Identify the part of a eukaryotic cell.,Knowledge,Remember
List TWO (2) importance of using instructional materials in teaching.,Knowledge,Remember
Briefly describe how poultry sexing is commonly carried out in a hatchery.,Comprehension,Understand
Discuss a security framework for the proposed application.,Synthesis,Create
Identify the five major prophets of the Old Testament.,Knowledge,Remember
Name the TWO ways of how molecules bonded to surface. Provide a brief description on the modes of adsorption.,Comprehension,Understand
Draw similar repetition and interval repetition.,Comprehension,Understand
Compose a simple rap or rhyme about zoo animals.,Synthesis,Create
Name the four major food groups.,Knowledge,Remember
Integrate training from several sources to solve a problem.,Synthesis,Create
Malaysian Code on Corporate Governance (MCCG 2017) encourages Board of Directors to improve shareholders' participations in decision making. Provide recommendations that will lead to more constructive use of Annual General Meeting (AGM).,Synthesis,Create
Define federal fund market. Explain in detail its importance to a bank.,Comprehension,Understand
State the conditions necessary for the formation of enzyme's quaternary structure. Explain how quaternary structure could contribute to enzyme stability.,Comprehension,Understand
How to combine virtual symmetry and symbolic model checking effectively,Synthesis,Create
Examine how e-commerce facilitates Value Chain and Supply Chain.,Analysis,Analyze
Sketch an experiment to see how plants grow in different kinds of soil.,Application,Apply
Revise and process to improve the outcome.,Synthesis,Create
Provide THREE (3) examples of input devices.,Knowledge,Remember
Determine if the winery is providing an amplifying or smoothing effect.,Application,Apply
judge the difficulty level for yourself.,Evaluation,Evaluate
The news reported that the chicken consumption in Malaysia has fallen by 17.25 percent. Use firm and industry diagrams to explain the short run and long run effects.,Application,Apply
How would you justify . . . ?,Evaluation,Evaluate
"Identify and recommend any appropriate amendments to the proposal presented in order to rectify the errors made in estimating the company's current cost of capital and current value. For each of the revisions, explain the reasons why it should be amended.",Evaluation,Evaluate
State THREE traits that are associated with invasive plants.,Knowledge,Remember
Explain the differences between forward and futures contract.,Comprehension,Understand
The option's premium represents the price of the option that change over time. Discuss FOUR (4) factors that affecting premium of an option.,Comprehension,Understand
How would you distinguish between polymyositis and viral myositis in a 42-year-old man with weakness and a rash?,Analysis,Analyze
Briefly explain how aggregation processes could improve the water quality in a water treatment plant.,Comprehension,Understand
What is the setting of To Kill a Mockingbird?,Knowledge,Remember
Explain in one's own words how to create a query in a database.,Comprehension,Understand
"With an appropriate example, discuss the effectiveness of using message queue compared to pipes in communication between processes.",Analysis,Analyze
"""Firms can use existing brand names or create new brands on the internet"". Evaluate the above statement.",Evaluation,Evaluate
In one sentence explain the main idea of a written passage.,Comprehension,Understand
How much did he pay for his car,Knowledge,Remember
Prepare a list of criteria to judge ... Evaluate expressions,Evaluation,Evaluate
How would you feel if . . .?,Evaluation,Evaluate
Briefly discuss on the difference between volatile and non-volatile storage.,Comprehension,Understand
Explain with an energy band diagram how an electron-hole pair (EHP) is formed in a semiconductor.,Comprehension,Understand
Weeds reduce the quality of crops and livestock. Explain.,Comprehension,Understand
How would you show your understanding of the ABC process,Application,Apply
Construct a family of networks to demonstrate that the number of different mincuts in a network can be exponential in the size of the network,Application,Apply
Describe THREE (3) advantages of the banker's acceptance towards either exporter or importer.,Knowledge,Remember
Calculate Jensen's measure (Jensen's alpha). Use it to assess the performance of the AOV's Portfolio during the year just ended.,Application,Apply
How could we develop a coherent measure of success for organisations engaged in this type of activity with young people?,Synthesis,Create
Explain how changes in amino acid ionization states could affect the catalytic activity of an enzyme.,Comprehension,Understand
Derive the data rate that is generated by the digitization procedure in each case assuming that the Nyquist theorem is applied with 12 bits per sample for the speech signal and 16 bits per sample for the music signal. Give your answers in kilo -Byte-per-second (kB/s).,Application,Apply
How do we differentiate between an interview and an interrogation?,Analysis,Analyze
Identify the standard peripheral components of a computer.,Knowledge,Remember
State the differences between invention and innovation.,Comprehension,Understand
Calculate the compression ratio for the compressed file.,Application,Apply
Choose a paint schedule for the maintenance of an outdoor structure? (level 2),Evaluation,Evaluate
Comment on the validity of your answer.,Evaluation,Evaluate
Calculate the carrier densities of the doped semiconductor at 400 K.,Application,Apply
Justify which digital video file format you would use for your movie.,Evaluation,Evaluate
"After designing an experiment, examining the results, and drawing conclusions, determines in what ways the experiment could be conducted more effectively in order to draw more productive conclusions in the future.",Evaluation,Evaluate
The internet is ideal for gathering people from all corners of the globe into communities with similar interests and tasks. Recommend THREE (3) ways that can be used to target online communities.,Synthesis,Create
Compare and contrast Address Verification System (AVS) and Card verification number (CVN).,Analysis,Analyze
Translate the following algorithm into Java code,Comprehension,Understand
Give TWO methods to measure the surface coverage.,Comprehension,Understand
Write short notes on the structure and functions of polysaccharides by giving relevant example.,Comprehension,Understand
"The technology of VLSI is defined by the feature size. Over the years, the feature size has been reducing. Analyze and explain the reasons for doing so.",Analysis,Analyze
Tell how Phillip kept himself alive after Timothy died.,Comprehension,Understand
List FIVE (5) functions of Department of Safety and Health as outline in OSHA 1994.,Knowledge,Remember
"Discuss critically, by using your understanding of nature and nurture.",Evaluation,Evaluate
Translate an equation into a computer spreadsheet.,Comprehension,Understand
What season are we in right now?,Knowledge,Remember
Recommend THREE (3) factors to be taken into consideration on the preparation of digital video delivery via low bandwidth networks and low-end computer systems.,Synthesis,Create
Compare FOUR (4) point of views of entrepreneurs with FOUR (4) for managers the way they look at the things.,Analysis,Analyze
Develop a plan for a new Olympic Bid System.,Synthesis,Create
Draw the energy band diagram of the doped semiconductor at 300 K.,Comprehension,Understand
List FIVE (5) types of trick questions.,Knowledge,Remember
Identify TWO (2) strategies that are able to reduce the likelihood of an eyewitness reporting someone who did not commit the crime.,Analysis,Analyze
Justify why soil taxonomy is considered as a hierarchical classification system.,Evaluation,Evaluate
Determine which Angus bull is the heaviest. Justify your answer.,Evaluation,Evaluate
How might lifestyles in the United States be modified if a more socialistic system were adopted?,Application,Apply
Cost benefit analysis is a process that helps management determine whether (and by how much) the benefits exceed costs. Briefly explain FOUR (4) intangible benefits.,Comprehension,Understand
Explain 4P's of marketing.,Comprehension,Understand
PEST and SWOT are popular strategy tools. Discuss how the TWO(2) tools can be applied in manufacturing business environment.,Application,Apply
Discuss the importance of soil structure in vegetable farms.,Comprehension,Understand
The general objective of inventory control is to minimize the total cost of keeping the inventory while making trade-offs. Elaborate the FOUR (4) major categories of cost in inventory control.,Comprehension,Understand
"Based on your knowledge, describe TWO (2) foreign bonds that are well known in the market.",Knowledge,Remember
Briefly explain why surface tension remains constant once critical micelle concentration (CMC) is reached.,Comprehension,Understand
Provide a real life example on conflict of interest situation.,Comprehension,Understand
Describe the term 'urbanization' and discuss how urbanization influences the development of marketing and advertising strategies.,Comprehension,Understand
Develop a network based on the following information: Activity Immediate predecessors,Synthesis,Create
Show that the wavefunction of a free particle is a plane wave.,Application,Apply
who is the founder of the kingdom of saudi Arabia,Knowledge,Remember
Explain how Porter's concept can be used in education domain.,Application,Apply
Describe how SPATIAL Compression and TEMPORAL Compression are used in video compression.,Application,Apply
List out FOUR (4) benefits of using RFID.,Knowledge,Remember
Explain TWO theories of causal attribution that was proposed by Jones and Davis (1965) and Kelley (1972).,Comprehension,Understand
Discuss the differences between a stick diagram and an actual layout.,Comprehension,Understand
Explain THREE (3) waves of globalisation.,Comprehension,Understand
Explain the effect of a cut in taxes of $100 billion on the economy if the marginal propensity to consume were 0.9. Explain why this policy is much different from simply having the government initiate a $100 billion spending program. Support your answer with specific calculations.,Analysis,Analyze
Analyze the product-market options that are available to Associated Meats Sdn Bhd.,Analysis,Analyze
Identify FIVE (5) conditions that one needs to meet in order to be an independent director in Malaysian public listed company (PLC).,Knowledge,Remember
"Using information from the book about one of the main characters, rewrite the ending of the book.",Synthesis,Create
Use tableau methods to prove that the following tableau is valid.,Application,Apply
State the guidelines to design an anodic protection system,Knowledge,Remember
Draw the energy band diagram of an 11-type semiconductor and explain how an electron-hole pair (EHP) is formed. State any assumptions you have made.,Comprehension,Understand
Skimming and scanning are useful ways to familiarise learners with the reading text. Evaluate the role of skimming and scanning in the teaching of reading.,Evaluation,Evaluate
Describe the amino acid composition that could destabilize an enzyme's helical stability.,Comprehension,Understand
List and explain the TWO (2) processes that can be done with the areas of the image that should be displayed in some color which is not available in the reduced palette.,Comprehension,Understand
"Your profit from previous project is RM30,000.00 and you just won a new project to construct a new airport runway at Sepang, Selangor. Decide whether you are going to purchase the bulldozer or pay out bonuses to your staff. Use the concept of opportunities cost, choices and scarcity to aid your explanation.",Application,Apply
List THREE (3) usages of instructional materials to facilitate classroom teaching and learning process.,Knowledge,Remember
Estimate the magnitude of the bed shear stress by making necessary assumptions and justifications.,Application,Apply
Recommend a suitable admixture to increase the workability of concrete and explain how it functions.,Evaluation,Evaluate
Make a list of the main events of the story.,Knowledge,Remember
"Related party transaction is a transaction entered into by a PLC or its subsidiaries, which involved the interest of the related party. Justify the reasons for disclosure of related party transaction.",Evaluation,Evaluate
Show the value of x after running this program fragment,Application,Apply
"Define and list out the objectives of monetary policy, the quantitative versus qualitative instruments of monetary policy.",Knowledge,Remember
Describe the economic consequence of a neolocal society. Support your description with information you have learned from this course.,Evaluation,Evaluate
AJAX is a technology that is being widely used in web applications for faster response time. Explain the necessary steps to implementing an AJAX application.,Application,Apply
Differentiate between general controls and application controls. Provide ONE (1) example for each.,Analysis,Analyze
List FIVE (5) weaknesses of Out-of-Home (OOH) Advertising.,Knowledge,Remember
Explain THREE (3) conditions where cantilever scaffolding is applied.,Comprehension,Understand
Discuss THREE (3) factors influencing the conflict management process. Support each of your answers with ONE (1) relevant example.,Evaluation,Evaluate
"Explain briefly the meaning of the following terms: Demography, Consumer sales promotion , and Media mix",Knowledge,Remember
List THREE types of Atomic Force Mircroscopes (AFM).,Knowledge,Remember
Assess the appropriateness of an author's conclusions based on the evidence given.,Evaluation,Evaluate
"As a project manager, you are evaluating the building design for its compliance to intended function as a private college accommodating over 2000 students. Analyze the problems and propose the building performance to meet these functions.",Synthesis,Create
"Draw a technology enhanced language learning classroom sketch for a grammar lesson with 10 low proficiency students, aged 13. You should include FIVE (5) basic technology facilities with label which are essential to the integration of technology in the classroom.",Comprehension,Understand
Describe the features of lactate dehydrogenase (LDH) as an isozyme. Discuss the diagnostic importance of LDH.,Comprehension,Understand
Write a statement to set the visibility property of Label1 to the checked property of checkBox1.,Comprehension,Understand
Identify PayPal's business model.,Knowledge,Remember
Evaluate your sketch with ASSURE's model procedure.,Evaluation,Evaluate
Draw the flow chart of the PNK system,Knowledge,Remember
Discuss the extent to which the existence of a conflict between a company's objectives is acceptable.,Evaluation,Evaluate
Give TWO examples of natural and artificial means of the seed dispersal of weeds respectively.,Comprehension,Understand
Explain the FIVE (5) procedures which need to be documented during the site inspection.,Comprehension,Understand
Proline and glycine are prevalent in beta-turns of protein structures. Comment on the statement.,Evaluation,Evaluate
Revise the story and specify the type of audience that would enjoy this book.,Evaluation,Evaluate
Apply the storytelling technique here to a little story of your own.,Application,Apply
Draw an illustration of the linked list after the execution of each of the statement below. (Use the original illustration for each question).,Application,Apply
Explain whether Howard can have the video streamed effectively at 1 Mbps data rate on a 1 Mbps Internet connection.,Evaluation,Evaluate
Discuss in details what Accounting Information Systems (AIS) is.,Comprehension,Understand
Outline your experience in working with service users,Comprehension,Understand
Examine the two roles and show how newspaper managers can successfully draw a balance between their economic role and social role.,Analysis,Analyze
“Millennials and kids are important market segments for e-marketers”. Discuss on the above statement.,Comprehension,Understand
Describe the Pop Art style in 1958 - 1972.,Knowledge,Remember
Butanol is found to be an efficient carbon source for the cultivation of this microorganism. Suggest how this carbon source can be sterilised and used in this fermentation process.,Synthesis,Create
Assess the importance of understanding seasonal patters.,Evaluation,Evaluate
The oil palm (Elaeis guineensis) is an erect monoecious plant. Describe how its inflorescences develop into fruit and relate this to the pest control practice that could affect the productivity of the oil palm.,Comprehension,Understand
HTTP is a stateless protocol. Justify.,Evaluation,Evaluate
Company directors remain the most important group of people who monitor and control the company on behalf of the shareholders. Explain the SIX (6) roles of company directors.,Comprehension,Understand
Define soil bioremediation.,Knowledge,Remember
How do psychologists differ in their general attitudes toward third party presence,Analysis,Analyze
Provide FOUR (4) reasons of using aggregate in concrete production.,Comprehension,Understand
Explain Eurocurrency and its market.,Comprehension,Understand
List out FIVE (5) ways how manufacturing and service companies have commitment toward the environmental friendly practices.,Knowledge,Remember
Outline the aim of two studies within the,Comprehension,Understand
"Discuss the comparison between the microeconomics and macroeconomics field of study in term of production, prices, income and employment.",Analysis,Analyze
Nomination committee plays a crucial role in ensuring the continuity of the board of directors into the future. Analyse the functions of nomination committee in the context of corporate governance.,Analysis,Analyze
Define terms of trade and identify which country has an absolute advantage in the production of jade and diamond.,Comprehension,Understand
Compare and contrast microbial and chemical risk assessment.,Analysis,Analyze
Explain three (3) lean techniques that work in both the manufacturing and service sector.,Comprehension,Understand
Explain the activities involved in the building process.,Comprehension,Understand
Barbie Dolls have been banned in some of countries. Provide FOUR (4) countries and evaluate the reason behind the ban.,Evaluation,Evaluate
"In a teaching simulation with your peers role-playing 6th grade students, demonstrate the principle of reinforcement in classroom interactions and prepare a half page description of what happened during the simulation that validated the principle.",Application,Apply
What hypotheses can you develop based on the data ? Why ?,Synthesis,Create
Distinguish between chemically defined media and natural media.,Analysis,Analyze
Discuss THREE (3) situations that necessitate the use of pile foundation.,Comprehension,Understand
Briefly explain the difference between Form Load event and Form Activated event.,Comprehension,Understand
"Municipal bonds are securities issued by local, county and state government. Identify THREE (3) types of Municipal Bonds that available in the market.",Knowledge,Remember
"Using Tom Duncan's levels of brand relationship intensity, explain the relationship between Apple iPhone and its customers.",Comprehension,Understand
What would you predict/infer from...?,Synthesis,Create
Support your views with TWO (2) examples from everyday life for each origins.,Evaluation,Evaluate
Discuss the disadvantages of timber flat roofs.,Comprehension,Understand
Describe Renaissance art style.,Knowledge,Remember
Explain the differences between volatile and non-volatile storage.,Comprehension,Understand
Define economic threshold and its use.,Comprehension,Understand
Describe the enzyme characteristics that are desirable in high temperature industrial applications.,Comprehension,Understand
List and explain THREE factors that are affecting microbial biodegradation rates of petroleum hydrocarbon.,Comprehension,Understand
"Justify the choice of supplier. From your choice, determine the optimal order quantity and total annual cost of ordering, purchasing and holding the component.",Evaluation,Evaluate
Can you invent another character for the story?,Synthesis,Create
Briefly discuss the key segregation of duties that should exist in the traditional manufacturing environment.,Comprehension,Understand
Describe consumer behaviour.,Knowledge,Remember
Identify any FIVE (5) significances of nonverbal communication in organization.,Knowledge,Remember
Explain the psychological factors which influence consumer behavior.,Comprehension,Understand
Steel is the most widely used reinforcing materials in concrete structure. Briefly explain the general properties of steel.,Comprehension,Understand
Revise how to complete a complex task in order to improve the outcome.,Synthesis,Create
Discuss various practices to achieve maximum yield and production of crude palm oil.,Comprehension,Understand
Draw a diagram to illustrate the Edman degradation reaction in protein sequencing. Describe some potential complications during Edman degradation protein sequencing.,Comprehension,Understand
Various policies were implemented by the governments in order to mitigate the concerns over efficient losses arising from natural monopoly. Describe natural monopoly and provide ONE (1) example of natural monopoly.,Comprehension,Understand
"In your own words, tell what the story is about.",Comprehension,Understand
"If notes are available on the professor’s website, how should those notes be used?",Application,Apply
Identify the HP's challenges in text mining.,Knowledge,Remember
Distinguish clearly between power and authority.,Analysis,Analyze
Paraphrase the poem in your own words,Comprehension,Understand
What has the author used to create this effect,Analysis,Analyze
Describe in your own words how to borrow a book from the library.,Comprehension,Understand
Compare and contrast the two items and produce a summary of their similarities and differences,Analysis,Analyze
List and briefly describe the FOUR soil forming processes.,Comprehension,Understand
Institutional shareholders do not always fare better than the minority shareholders in promoting shareholder activism. Assess the impediments of institutional shareholder activism.,Evaluation,Evaluate
Teacher-prepared materials are the best form of resources for your English language lesson. State FIVE (5) factors that you would consider when preparing your resources.,Knowledge,Remember
Discuss the importance of knowing herbicide families and mode of action.,Comprehension,Understand
Explain the Securities Act of 1933 and the Securities Exchange Act of 1934.,Comprehension,Understand
Give FOUR information that can be obtained from Scanning Electron Miscroscope (SEM).,Comprehension,Understand
Draw a flowchart to accept a number and output its factorial.example 1: input 5 -> 5! = 5x4x3x2x1 -> output 120,Comprehension,Understand
"As an editor-in-chief, suggest how you can motivate your experienced journalists to remain with your paper.",Synthesis,Create
If you had access to all resources how would you deal with . . .?,Synthesis,Create
"Given the data we've looked at on this topic, evaluate how appropriate this conclusion is and defend your answer.",Evaluation,Evaluate
"In your own words, describe Supply Chain Management (SCM).",Comprehension,Understand
Draw ONE (1) point perspective with TWO (2) geometrical forms.,Comprehension,Understand
Interpret FIVE (5) usage of Learning Management System as an emerging technology in the context of teaching and learning.,Comprehension,Understand
Identify FIVE (5) effects of organizational communication technology towards communication pattern.,Knowledge,Remember
"Explain how the Utilize technology, media and materials stage in ASSURE model can help creating a more effective teaching and learning environment.",Comprehension,Understand
"Compare how the internal rate of return (IRR) method, Net Present Value (NPV) and modified internal rate of return (MIRR) method is different.",Analysis,Analyze
Define Educational Technology based on FIVE (5) instructional design view.,Knowledge,Remember
Categorize the story into parts and think of a good title for each of the parts.,Analysis,Analyze
Rewrite the following program so that it is formatted properly.,Application,Apply
Identify TWO (2) functions of crisis communication that must be addressed when communicating with internal stakeholder during a crisis. Explain your answer with an exarnple for each function.,Comprehension,Understand
State the THREE (3) approaches to calculate national income.,Knowledge,Remember
Paraphrase what Hamlet is saying in his soliloquy.,Comprehension,Understand
Choose ONE (1) of the factors that you mentioned in question 2(a) and briefly explain why you consider this factor is important.,Comprehension,Understand
"Using Nyquist Theorem, calculate the maximum sampling rate to avoid aliasing.",Application,Apply
Explain why Servlet technology is better than the Common Gateway Interface CGI.,Comprehension,Understand
What might happen if you combined...?,Synthesis,Create
Explain the reasons of using application servers to deploy web applications.,Comprehension,Understand
"In general, there are four broad categories of innovation which include product innovation. Illustrate your understanding by using TWO (2) real life examples for product innovation that follow the radical fashion.",Comprehension,Understand
Differentiate between commercial letter of credit and standby letter of credit.,Analysis,Analyze
What do you think is the mass and why,Evaluation,Evaluate
Briefly discuss why the emergence of the data warehouse phenomenon is causing such interest in the business world.,Comprehension,Understand
Classify and briefly explain different computational methods used in analyzing flows in hydraulic engineering.,Comprehension,Understand
"Contrast the following basic BLAST programs: PSI-BLAST, PHI-BLAST and tBLASTX.",Comprehension,Understand
Identify FOUR (4) factors that affect the willingness of people to perform prosocial behaviors.,Comprehension,Understand
Establish criteria for making this choice and defend your final selection.,Evaluation,Evaluate
Discuss any THREE (3) ways by which an organization can benefit from e-commerce.,Comprehension,Understand
Compare the formation process between igneous rock and sedimentary rocks.,Comprehension,Understand
"Using the data shown in Table 1, generate some frequent item sets.",Application,Apply
Briefly explain why coating a nanoparticle or surface with a polyelectrolyte (polymer with ionizable groups) is favourable.,Comprehension,Understand
Why not compose a song about . . .?,Synthesis,Create
Construct the 4-Bit Ripple carry Adder Circuit,Application,Apply
There are several benefits for the statement of aims and learning outcomes in a lesson. Evaluate FIVE (5) benefits.,Evaluation,Evaluate
Determine the gate oxide capacitance.,Application,Apply
Describe the output of this program fragment:,Comprehension,Understand
List FIVE (5) major business activities of investment banks.,Knowledge,Remember
Propose TWO (2) strategies to reduce the occurrence of bullying.,Synthesis,Create
Rewrite the markov matrix to account for this slight change.,Comprehension,Understand
Break down the components of a standard film camera and explain how they interact to make the machine work.,Analysis,Analyze
Describe color wheel.,Knowledge,Remember
Draw the diagrams for a centralized database and a distributed database.,Comprehension,Understand
List the steps involved in titration.,Knowledge,Remember
"Suppose milk and yogurt are within Sophie's budget and she views yogurt as an inferior good. Using indifference curve and budget line, explain the substitution, income and total effects when the price of yogurt falls.",Application,Apply
Discuss POST and GET methods in relation to idempotent and non-idempotent requests in the context of bank industry.,Comprehension,Understand
Predict the effects of excess application of nitrogen fertilizer into the soil.,Comprehension,Understand
Suggest any FIVE (5) dimensions of service quality that could be taken into consideration by the kindergarten management for its future operations improvement.,Synthesis,Create
Give the three (3) categories of primitive data types and briefly explain what each category is used for.,Knowledge,Remember
Explain what is happening...,Comprehension,Understand
Reason why a pornographic viewer's mind is likened to an addict's mind. Provide TWO (2) points.,Comprehension,Understand
List and explain the FOUR (4) considerations when selecting a basement wall.,Comprehension,Understand
Dopamine and glutamate have both been implicated as causes of schizophrenia. Discuss THREE (3) evidences each in relation to the dopamine and glutamate theories of schizophrenia.,Comprehension,Understand
Draw and explain Nonaka's model of knowledge creation and transformation in detail.,Comprehension,Understand
"In all analysis methods, the effects of turbulence have to be modeled unless all the scales of motion are represented explicitly as in Direct Numerical Simulation (DNS). Explain why it is not practical to analyze flows in practical hydraulic engineering by DNS.",Comprehension,Understand
"How can we construct H given I, B and E?",Application,Apply
How is scientific progress similar to Darwinian evolution according to Kuhn,Analysis,Analyze
Discuss how curing can maintain quality and minimize decay of potato tubers in the postharvest stage.,Comprehension,Understand
"For any points which fall outside the curve, explain the combination of production for steel and bricks.",Comprehension,Understand
"New issues are called primary issues, that reflect to the first issued of security in the primary market. Elaborate the steps of bringing a new security to the market.",Comprehension,Understand
How do you analyze a marginally RCT,Analysis,Analyze
Explain what is meant.,Comprehension,Understand
Synthesize any FIVE (5) factors that should be considered when devising a safe system to undertake a task in an organization.,Synthesis,Create
"in what ways is oxyperoxidase similar to other oxygenated heme proteins, and how does it differ",Analysis,Analyze
Differentiate between crossbreeding and linebreeding.,Analysis,Analyze
Discuss the disadvantages of LOCOS.,Comprehension,Understand
Propose and explain a suitable enzyme-substrate interaction model for enzyme X.,Synthesis,Create
Assess the reason for hazard communication and the mode of communication practice for chemical safety at worksite.,Evaluation,Evaluate
Propose TWO (2) self-presentation tactics for impression management.,Synthesis,Create
Discuss in terms of implementation how to restrict resources such as web components and Enterprise Java Bean (EJB} components for use to only authorized users.,Application,Apply
Design a vendor-rating form that represents your comparison of the education offered by universities in which you considered/are considering/have considered enrolling.,Synthesis,Create
Deleting and abridging are methods to modify instructional material when it is adapted. Illustrate both methods by adapting a short story to teach reading and writing skills to intermediate proficiency students.,Comprehension,Understand
Can you distinguish for me between what is reasonably achievable and what are exaggerations,Analysis,Analyze
"Write a formula to show the steady state assumption. If all other conditions remain identical, explain how an increase in k-1 would affect the Michaelis constant.",Application,Apply
Illustrate SIX processes that occur in the hydrological cycle.,Comprehension,Understand
Explain FIVE (5) disadvantages of out-of-home (OOH) advertising.,Comprehension,Understand
Discuss the role of restriction and aggregation in reducing the quantity of data and obtaining useful information from a data warehouse.,Comprehension,Understand
E-mail newsletters are still popular communication strategy for digital marketers. Suggest FIVE (5) ways to engage with your newsletters subscribers.,Synthesis,Create
State the forces stabilizing functional structure of enzyme which is most susceptible to drastic pH changes. Explain your answer using an example.,Comprehension,Understand
List SEVEN (7) types of advertising.,Knowledge,Remember
"Write a C program that accepts integer inputs from the screen, computes the total and average values; and displays the values on the screen.",Synthesis,Create
Predict what happens to X if Y increases.,Application,Apply
Assess THREE (3) brain structures that are associated with movement. Elaborate your answers with example.,Evaluation,Evaluate
Explain FOUR (4) criteria of instructional materials by Tomlinson (2001).,Comprehension,Understand
Explain how MIDI file format will be more useful than other audio file formats in a certain scenario.,Application,Apply
Draw ONE (1) organic shape and ONE (1) geometric shape. Apply tone and shading.,Application,Apply
Calculate the rate of habitat fragmentation within the Colorado Front Range in the last decade.,Application,Apply
Explain why contango and backwardation happen in the commodity market.,Comprehension,Understand
How do you think the community should grow or change,Evaluation,Evaluate
Explain FOUR (4) off-balance-sheet banking activities which are important but not recorded in a bank's balance sheet.,Comprehension,Understand
Determine which sub-stage that the deal is currently in for the following cases.,Application,Apply
Describe the differences between HTTP session listeners and servlet request listeners.,Comprehension,Understand
"Explain the double meaning the author attributes to the term ""successive action descriptions""",Comprehension,Understand
Discuss the role of hydraulic engineering in the sustainable development and preservation.,Comprehension,Understand
Define Chiaroscuro and Sfumato technique.,Knowledge,Remember
Illustrate by using a real life example on explicit knowledge.,Comprehension,Understand
Define compound interest.,Knowledge,Remember
Discuss the role of skimming and scanning as pre-reading activities.,Comprehension,Understand
Money growth is always interrelated with inflation phenomenon. Explain how the growth of money will affect the economy when the economy is operating at the full capacity. Illustrate by using an appropriate diagram.,Analysis,Analyze
Briefly explain FOUR (4) manufacturing layout you have learned.,Comprehension,Understand
Explain why the effectiveness of an expansionary monetary policy in increasing aggregate output is partially dependent on the interest sensitivity of the demand for money.,Analysis,Analyze
who was the first to compose in the arts of makamat,Knowledge,Remember
"Davenport (2000) discusses four emerging trends to be considered in designing future enterprise systems. Analyze each emerging trend, its relevance and importance to the designing of future enterprise systems.",Analysis,Analyze
Relate cycle-time reduction to improved performance. Justify your answer.,Evaluation,Evaluate
"Suppose prices of two goods are constant, explain what will happen to the budget line if there is an increase in consumer's income. Support your answer with an appropriate diagram.",Comprehension,Understand
Name and describe the two ways that the data source window allows data to be viewed.,Comprehension,Understand
Design a poster for this book.,Synthesis,Create
Recall basic math facts,Knowledge,Remember
Identify any TWO (2) advantages of matching demand strategy and level strategy each in preparing aggregate production plan.,Knowledge,Remember
"Compare the gravity retaining wall, semi gravity retaining wall and cantilever retaining wall in the aspects of shape design, maximum height and method of construction.",Comprehension,Understand
"MLPs are frequently used to approximate functions. However, the quality of the approximation depends on the parameters of the MLP used. Discuss how this quality is affected by the number of hidden layers used in the MLP.",Comprehension,Understand
Develop a questionnaire based on at least FOUR open-ended and FOUR closed-ended questions for the interviews.,Synthesis,Create
"Besides LOCOS, name TWO (2) other applications which require thermal processes.",Comprehension,Understand
"Define stream bank, floodplain and substrate.",Knowledge,Remember
Construct a Venn diagram to determine the validity of the given argument.,Application,Apply
Define brainstorming process.,Knowledge,Remember
Suggest any THREE (3) specific ways with elaborations on how this new business may utilize the Internet technology to achieve cost efficiency.,Synthesis,Create
Given two opposing theories design an experiment to compare them.,Synthesis,Create
Explain the relationship between bond price and market interest rate using the bond pricing formula.,Comprehension,Understand
List the SEVEN (7) stages of the development process of a building project.,Knowledge,Remember
Outline the mechanisms employed by bacteria allowing them to evade phagocytic destruction.,Comprehension,Understand
"With respect to the data processing cycle of an organisation, explain the ""garbage in, garbage out"". Briefly discuss on the measures to be taken by the companies to avoid “garbage in"" data input errors.",Comprehension,Understand
Take a collection of photographs to demonstrate a particular point.,Application,Apply
“China has been practicing low exchange rate for previous decades.” Clarify the pros and cons under this practice.,Analysis,Analyze
Identify FOUR (4) factors that influence consumer behaviour.,Knowledge,Remember
"The Friesian cow, a dairy breed, is a product of selective breeding. Predict the problems that may occur during the selection of Friesian Cows.",Application,Apply
Explain 3-Tier architecture in the context of Java Web Architecture at server side.,Comprehension,Understand
Propose any TWO (2) alternative solutions from organization structures perspective to facilitate the KM practice. Justify your answers with short elaborations.,Evaluation,Evaluate
Highlight the important issues discussed in Greenbury Report 1995.,Comprehension,Understand
Use philanthropy approach to manage corporate social responsibility effectively.,Application,Apply
"List FIVE (5) suggestions on how Malaysian public listed company director in Malaysia can perform 'Duty to use Reasonable Care, Skill & Diligence'.",Knowledge,Remember
Explain in detail the chemisorptions of ammonia. Focus only on molecular adsorption of ammonia on a solid surface at low temperature.,Comprehension,Understand
Develop a set of criteria for distinguishing between a good and bad example of this.,Analysis,Analyze
Use the distance travelled and cost of petrol to calculate the cost of a coach trip using a spreadsheet.,Application,Apply
Provide FIVE (5) examples on how HP can use text mining in other areas.,Application,Apply
Investigate whether or not the system can be solved for x; y; z,Analysis,Analyze
Define Inheritance concept,Knowledge,Remember
when was the first airport in the yemen built,Knowledge,Remember
Multimedia is shifting from being localized (contained on a CD-ROM) to being distributed (available on the World Wide Web). Give FIVE (5) implications on this.,Knowledge,Remember
Create a new product. Give it a name and plan a marketing campaign.,Synthesis,Create
State the goal of integrated weed management and its essence.,Knowledge,Remember
Prepare a time-phased product structure.,Application,Apply
How much water does an elephant drink,Knowledge,Remember
Determine the percentage of DHT's assets committed to inventory.,Application,Apply
Explain the function of International Monetary Fund (IMF).,Comprehension,Understand
Explain why a 30-second video clip (containing 25 frames per second) will occupy less disk space than 750 JPEG images of the same size.,Comprehension,Understand
Describe conservation tillage and explain why it often requires a change in nutrient management.,Comprehension,Understand
Construct a dictionary and a truth table to determine if the following statements are logically equivalent,Application,Apply
Rewrite you predicted equation for the ideal gas law,Comprehension,Understand
Differentiate between Gibbs adsorption equation and dynamic surface tension in the study of adsorption at interfaces.,Analysis,Analyze
Explain FOUR (4) benefits of using Digital-Out-Of-Home in advertising.,Comprehension,Understand
"After strain modification process, the UTAR002 is found to be unable to excrete the desired enzyme into the medium. Suggest a proper purification protocol for the recovery of this product.",Synthesis,Create
Explain why a sustained inflation is a purely monetary phenomenon and cannot exist without the cooperation of the Bank Negara Malaysia (BNM).,Comprehension,Understand
Suggest how multimedia applications may be used for each of the scenarios below. (i) IT Avenue will be organising a road show at various shopping malls to promote a new model of mobile phone from Nokia.,Application,Apply
How many loop statement available in c++?,Knowledge,Remember
"Briefly describe the properties of wood in terms of density, thermal insulation, chemical resistance and strength.",Comprehension,Understand
Suggest a house-style and editorial policies for your newly introduced newspaper targeted at young readers aged between 15 to 25 years.,Synthesis,Create
Design and sketch the layout of a CMOS inverter.,Synthesis,Create
Construct an alternative way to ...,Synthesis,Create
Audit committee is responsible to implement and support the monitoring function of the board of directors. Develop a list of best practices for audit committee meeting.,Synthesis,Create
Explain how you would implement delete schedule functionality in effective manner.,Comprehension,Understand
Draw Production Possibilities Frontier and Trading Possibilities Frontier for China and Thailand. Clearly label the total output before specialization and total output after trade in the diagrams.,Comprehension,Understand
Devise a different way of using X,Synthesis,Create
Briefly explain which characteristics of alluvial soils make them ideal for agriculture.,Comprehension,Understand
Construct a simple payroll program that computes net pay for those working 40 hours or less and net pay for those working over 40 hours.,Application,Apply
Explain what is meant by occlusion and discuss the ability of chain coding to cope with occlusion.,Comprehension,Understand
Show how NLP techniques can be deployed in business.,Application,Apply
Compare and contrast the waterfall model with the prototyping model.,Analysis,Analyze
Identify whether the firm is in the short-run or long-run equilibrium. Explain.,Comprehension,Understand
Identify and explain another graphical diagram besides network diagram which is useful for planning and scheduling. Evaluate the graphical diagram.,Evaluation,Evaluate
Suggest FOUR (4) ways logistics service provider such as FedEx practices environmental friendly principles in its operation.,Synthesis,Create
Define social commerce and discuss its advantages for e-marketers.,Comprehension,Understand
Define instructional materials. Provide an example of an instructional material for a subject.,Comprehension,Understand
Explain the TWO main factors that could affect enzyme catalytic efficiency.,Comprehension,Understand
Label the parts of the following insects: Grasshopper,Knowledge,Remember
ABC inventory analysis is one of the methods used by manufacturing companies for effective inventory management. Explain your answer.,Comprehension,Understand
Briefly describe FIVE (5) general types of factors of production.,Comprehension,Understand
"There are three common types of brick in Malaysia, namely common brick, facing brick and engineering brick. Differentiate the properties and the applications among them.",Analysis,Analyze
Explain whether using women as sexual objects can grab the viewer's attention and lend to interest to a product or service.,Comprehension,Understand
Please label the diagram below:,Knowledge,Remember
Would you have liked to have had Cinderella for a sister? Explain why or why not.,Evaluation,Evaluate
The 'creators' and critics' are the most desired social segments. Explain how social media marketers are able to increase these segments' level of involvement in the social media.,Comprehension,Understand
Discuss TWO (2) key differences between stock warrants and stock options.,Comprehension,Understand
Give FOUR (4) advantages of multimedia application in education.,Knowledge,Remember
"In a two-column table, list FIVE (5) tools used in the technology-integrated instruction and the traditional instruction respectively.",Knowledge,Remember
Differentiate between contact and systemic herbicides.,Analysis,Analyze
which part of a data packet is used by a router to determine the destination network,Knowledge,Remember
"If the value of the bond is RM900 and coupon are paid semi-annually, compute the yield to maturity (YTM) and the current yield of the bond. Interpret your answers.",Application,Apply
"Based on your opinion, discuss critically, how far you agree that race relations have become unhealthy in our country.",Evaluation,Evaluate
Define the term Radio Frequency Identification (RFID).,Knowledge,Remember
List another TWO isotherms besides Langmiur isoterm.,Knowledge,Remember
Critically appraise of making data warehouse Web Enable in the company.,Evaluation,Evaluate
How would you have handled . . .?,Evaluation,Evaluate
Explain the conceptual design process.,Comprehension,Understand
Name five types of common dialog boxes.,Knowledge,Remember
Determine the possible number of unique zygotes that could be produced upon successful mating.,Application,Apply
Discuss FOUR (4) tactics that can be used by a spokesperson to handle different types of questions from the media. Provide your discussions with an appropriate example for each tactic.,Comprehension,Understand
Independent Non-Executive Directors (INEDs) play crucial roles in the assurance of effective corporate governance of public listed companies. Provide an assessment on the contributions of INEDs in promoting effective corporate governance.,Comprehension,Understand
Describe the use of architecture drawings in construction.,Comprehension,Understand
Analyze THREE (3) factors that can affect the option premium.,Analysis,Analyze
Choose and illustrate the two most important events in the story.,Evaluation,Evaluate
Explain briefly FIVE (5) strategies for effective packaging design.,Comprehension,Understand
How would you differentiate a project from a program,Analysis,Analyze
Create several scientific hypotheses to …,Synthesis,Create
"Develop a way to teach the concept of ""adjectives"".",Synthesis,Create
"Draw the energy band diagram of a pn junction. Label the depletion region and the electric field in the depletion region. For an unbiased junction, discuss the movement of majority and minority carriers and the resultant current that may arise at equillibrium.",Comprehension,Understand
Differentiate between a wholesaler and a retailer.,Analysis,Analyze
How would you differentiate obstructive apneas from central apneas,Analysis,Analyze
Estimate the value of the roughness parameter of the riverbed from the observed surface slope and velocity. Compare your computed value with generally known values for the present river bed.,Analysis,Analyze
Recommend TWO (2) suitable types of glasses which have good insulation properties for green building construction.,Evaluation,Evaluate
"Write a program to calculate the SQRT for Array elements, you may use the Math class function (sqrt), the Array should include 5 Integer elements. The output should be the array elements along with their SQRT value.",Synthesis,Create
Explain the relationship between HTTP GET method and URL Rewriting in the context of session management.,Comprehension,Understand
Analyze FIVE (5) disadvantages of multimedia in education.,Analysis,Analyze
Design a new animal to live in the jungle.,Synthesis,Create
Identify FOUR (4) statements should be avoided by spokesperson as the representative of an organization during a press conference. Elaborate your answer with an example for each statement.,Comprehension,Understand
"In soil pH, define buffering and explain why it is important in soils.",Comprehension,Understand
"After solving a problem, determine the degree to which the problem was solved as efficiently as possible",Evaluation,Evaluate
Explain FIVE (5) advantages of out-of-home (OOH) advertising.,Comprehension,Understand
Assess THREE (3) brain structures that are associated with the language / speech function. Elaborate your answers with example.,Evaluation,Evaluate
"Propose solutions to reinforced concrete flat roof defects experienced in Malaysia, such as water ponding, material exposure to solar radiation, poor maintenance culture and concrete spalling due to leaks from cold joints and stress cracks.",Synthesis,Create
Complete an analogy (analogy tasks are inference tasks),Comprehension,Understand
"Evaluate the types of power Benjamin Fang is exercising in Sun Plantations, and explain how this is being eroded by the changes taking place in the environment.",Evaluation,Evaluate
Differentiate between .call by value and call by reference.,Analysis,Analyze
Would this information be useful if you had a . . .?,Application,Apply
Decide which candidate would best fill the position of principal.,Evaluation,Evaluate
Suggest TWO (2) ways of managing knowledge that organization can perform in order to gain sustainable advantage in today's rapid changing market environment.,Synthesis,Create
Evaluate the characteristics of the board in a two-tier board structure.,Evaluation,Evaluate
Suggest a possible Java Web architecture(s) for the proposed application based on the case study.,Synthesis,Create
Discuss how inverse kinematics helps in simplifying the task of animating jointed structures.,Comprehension,Understand
Write a JAVA program to show the Overloading concept,Synthesis,Create
Illustrate what you think the main idea was.,Comprehension,Understand
Explain FIVE (5) ways that can be practiced by the organization to communicate during the crisis.,Comprehension,Understand
Distinguish between ‘land surveyor' and 'quantity surveyor'.,Analysis,Analyze
How do we construct agents that can deliver. “good” assistance,Application,Apply
Describe how interest rates affect the economy,Comprehension,Understand
There is always an appeal for institutional shareholders to assume an active role in corporate governance. Create a list of key recommendations for institutional shareholders activism based on Myners Report (1995).,Synthesis,Create
Sketch a diagram which indicates the Damp Proof Membrane (DPM) in the non reinforced concrete ground floor.,Application,Apply
Sketch and label the section of the ground floor slab. Explain the purpose of each labelled component.,Application,Apply
Explain the principle of ultrasonography in pregnancy diagnosis for farm animals.,Comprehension,Understand
"""Trading strategies used by investors of futures and forwards markets help to maintain market efficiency"". Based on the above statement, Differentiate between all THREE (3) main trading strategy used by futures and forward markets' investors..",Analysis,Analyze
Correctly label the brain lobes indicated on the diagram below,Knowledge,Remember
Find the velocity and wavelength of the electron.,Comprehension,Understand
How effective are . . .?,Evaluation,Evaluate
"Critique the other student's (or your own) speech, based on the criteria we have studied this semester.",Evaluation,Evaluate
Illustrate the effect of an expansionary monetary policy. Justify your answer with an appropriate diagram.,Evaluation,Evaluate
Choose any U.S. president and explain how he exercised his power as Commander in Chief of the Armed Forces.,Application,Apply
Write about your feelings in relation to...,Synthesis,Create
Determine the volume density and area density on the (1 0 0) plane of a body center cubic cell with lattice constant of 5 Å.,Application,Apply
Explain the creation of an electron-hole pair in an intrinsic Si semiconductor at room temperature by using the covalent bonding picture.,Comprehension,Understand
"Construct a DNA based cladogram using neighbour-joining approach, and suggest the relationship of S, M, and D species.",Synthesis,Create
NIKE will be conducting consumer research on their footwear. Assess FIVE (5) types of consumer research that Nike can implement by providing an appropriate example for each.,Evaluation,Evaluate
"Imagine that you are a relative of an older adult who is initially diagnosed to be living with Parkinson's disease, suggest FOUR (4) strategies to further promote the wellbeing of the individual.",Synthesis,Create
List down the environmental factors that an international marketer should consider.,Knowledge,Remember
Paraphrase an important speech,Comprehension,Understand
Critically discuss on human's need to maintain a temperature of 37°C. Provide TWO (2) points.,Analysis,Analyze
Create a poster that promote jeans to local senior citizen which appeal directly to a multiracial citizen in Malaysia.,Synthesis,Create
Describe the factors affecting premature building decay.,Comprehension,Understand
Define the meaning of the Olympic Motto.,Knowledge,Remember
Briefly explain what a Repo is.,Comprehension,Understand
Discuss the regulation of ATCase which is an allosteric enzyme.,Comprehension,Understand
"Write a TV show play, puppet show, role play, song or pantomime about..",Synthesis,Create
Compare and contrast the characteristics and usage between aluminium and high carbon steel.,Analysis,Analyze
Compose a device that would assist an athlete in their training.,Synthesis,Create
"Using an appropriate example, discuss how MVC can lead to a good design of a particular web application.",Comprehension,Understand
Give FIVE (5) differences between GIF and SWF.,Comprehension,Understand
Describe FIVE (5) key players in advertising.,Knowledge,Remember
Describe the differences between progeny and sib testings.,Comprehension,Understand
List and explain TWO simple techniques used to prepare colloids by mean of dispersion. Use simple diagrams to clarify the explanation.,Comprehension,Understand
"Using appropriate examples, differentiate between agglomerative and divisive in the context of agglomerative hierarchical clustering.",Analysis,Analyze
Define Information Systems (IS).,Knowledge,Remember
Draw Production Possibilities Frontier and Trading Possibilities Frontier for China and South Africa.,Comprehension,Understand
"Bernard has successfully determined the sequence of Protein X which consists of 110 amino acid residues. He is interested to predict the protein struc using the available homology modelling software. Based on your knowledge of the mechanism of protein folding, comment on the reliability and accuracy of the prediction.",Evaluation,Evaluate
Select the most effective solution.,Evaluation,Evaluate
Can you develop method to handle the following case . . . ?,Synthesis,Create
"Describe how the soil colloidal complex tends to serve as a ""reservoir"" for plant nutrients.",Comprehension,Understand
Discuss how Resource Based View can be implemented in organizations to reinforce financial standing.,Application,Apply
Identify FIVE (5) key players in advertising.,Knowledge,Remember
Distinguish between the ripening behaviour of climacteric and non-climacteric fruits in terms of carbon dioxide release and ethylene synthesis.,Analysis,Analyze
Briefly explain FOUR (4) advantages and disadvantages of option trading.,Comprehension,Understand
Explain the impact of using SendRedirect method in terms of response time.,Comprehension,Understand
"""Economists state that both allocative and productive efficiencies are realized in the long-run equilibrium of a monopolistically competitive market"". State whether you agree or disagree with the statement. Graphically illustrate and explain the statement.",Analysis,Analyze
Describe the methodology of determining the transcriptional start site using RACE-PCR.,Comprehension,Understand
Critically discuss how demographic characteristics would affect a product development in a foreign market.,Analysis,Analyze
Identify which word begins with the same sound as the s in sun (Knowledge of letter s),Knowledge,Remember
Compose your own note-taking design that incorporates all theadvantages of the Cornell Method.,Synthesis,Create
Compare Calliope with Howie. Use the word bank.,Comprehension,Understand
Discuss THREE (3) types of anomalies associated with database tables that have not been normalized.,Comprehension,Understand
Explain about interactive multimedia.,Comprehension,Understand
"“The efficient market hypothesis (EMH) states it is impossible to consistently outperform an efficient market and the only way an investor can possibly obtain higher returns is by purchasing riskier investments."" Justify the statement.",Evaluation,Evaluate
What happens if you change the direction of the displacement (but not its size)?,Application,Apply
Evaluate the corrosion monitoring needs of a chemical processing plant,Evaluation,Evaluate
Explain how SWOT and Porter's techniques is applied in the manufacturing industries.,Application,Apply
State what does the symbol “+” represents.,Knowledge,Remember
"Market anomalies are research findings that do not support market efficiency hypothesis; that is, they are evidence that inefficiencies do exist. Discuss FIVE (5) common market anomalies.",Comprehension,Understand
In one sentence illustrate the main point of a written passage.,Comprehension,Understand
Use the second-derivative test to determine whether critical points where f0(x) = 0 yield relative maxima or relative minima,Application,Apply
Suggest any THREE (3) scenarios where users may benefit from using video calls in their communication.,Synthesis,Create
Do you agree...?,Evaluation,Evaluate
Discuss the biological factors that cause the deterioration of cut flowers.,Comprehension,Understand
Explain the method of monitoring inventory levels in retails stores.,Comprehension,Understand
Identify THREE (3) types of imperfectly competitive firms and construct THREE (3) important characteristics of these imperfectly competitive firms.,Application,Apply
Foundation design is required the study and examination of multiple components which is a highly specialized the function and usually is performed by a structural engineer. Inspect the components which have to include in the designing of a building foundation.,Analysis,Analyze
"When quantity discounts are offered, justify why it is not necessary to check discount points that are below the EOQ or points above the EOQ that are not discount points.",Evaluation,Evaluate
Sketch the 1-V curve of a zener diode and explain what a zener breakdown is.,Application,Apply
"Rewrite the story briefly, but change someone or something in it. (For example, substitute a dog for a wolf in The Three Little Pigs).",Synthesis,Create
What are the units of corrosion penetration rates? Relate these to Faraday's law,Knowledge,Remember
List FIVE (5) categories of Intentional Crises and FIVE (5) categories of Unintentional Crises.,Knowledge,Remember
Compose music for a frog play.,Synthesis,Create
Discuss ONE (1) similarity and ONE (1) difference between virtual reality and augmented reality.,Analysis,Analyze
Distinguish between 'differential foundation settlement' and 'uniform foundation settlement'.,Analysis,Analyze
Dielectric films can be thermally grown or deposited. Discuss the fundamental difference between these two methods.,Comprehension,Understand
Describe SIX (6) functional requirements of walls.,Comprehension,Understand
Give TWO disadvantages of Transmission Electron Microscopy (TEM).,Comprehension,Understand
"CRM technology helps companies to collect information about consumer behaviour, conversations and characteristics. As a new digital marketing manager with an online retailer, suggest FIVE (5) ways how you can collect data and push customised information to customers.",Synthesis,Create
List two local variables in the main function,Knowledge,Remember
Define Put-Call Parity and express it in equation.,Comprehension,Understand
Write down the FIVE (5) phases of the design process.,Knowledge,Remember
Select the best title for a passage,Comprehension,Understand
Write a poem about this book.,Synthesis,Create
Describe the differences in the sugar compositions between unfermented and fermented cocoa beans.,Comprehension,Understand
Classify soil organisms according to their ecology and state TWO examples for each group.,Comprehension,Understand
Define standard operating procedures as highlighted.,Knowledge,Remember
Propose ONE (1) new local seafood flavor for Manhattan fish market's Malaysian consumers. Describe the need for the new flavor.,Synthesis,Create
Presenting the business plan is very crucial to convince potential consumers and financers. List any SEVEN (7) suggestions for good presentation of your business plan.,Knowledge,Remember
Name the two classes of monosaccharide. Draw and name the simplest structure of molecule in each class.,Comprehension,Understand
"Using the open economy multiplier approach, calculate the new equilibrium output level and new balance of trade if the government decreases spending to RM 1200 million and increases tax by RM 300 million.",Application,Apply
Calculate for x in the following equation: 12x=36,Application,Apply
"Interpret the relationship found between these item sets in terms of Support, Lift and Confidence.",Comprehension,Understand
Draw a picture of the bears' house.,Application,Apply
Briefly explain the main feature of the structures of dilute foams and concentrated foams.,Comprehension,Understand
Make a list of facts you learned from the story.,Knowledge,Remember
How do we differentiate between genuine buyer and undercover buyer,Analysis,Analyze
Contrast the Valles Marineris on Mars with the Grand Canyon,Analysis,Analyze
Each of the FOUR (4) different historical perspectives have a unique outlook on Educational Technology and defines it in a slightly different way. List and discuss the FOUR (4) perspectives.,Comprehension,Understand
Name FIVE vital plant processes that herbicides target.,Knowledge,Remember
"With the aid of a diagram, briefly show how the width of a FinFET is estimated.",Application,Apply
What is your family name,Knowledge,Remember
Briefly illustrate FOUR (4) influences of carbon on metal.,Comprehension,Understand
Solve a math problem using familiar procedure or formula,Application,Apply
State 'corporate governance' definition as mentioned in Cadbury Report (1992). Explain Malaysian Code on Corporate Governance (MCCG) 2017 “corporate governance' definition in details.,Comprehension,Understand
Describe the electrokinetic phenomenon.,Comprehension,Understand
Define attribution.,Knowledge,Remember
"Distinguish among acidic, saline and sodic soils.",Analysis,Analyze
State four attributes of well engineered software.,Knowledge,Remember
What data was used to evaluate ____________?,Evaluation,Evaluate
"Being outside directors, Independent Non-Executive Directors (INEDs) do not work in the company on a daily basis. Their hands are tied due to the nature of their positions. Provide an assessment on the limitations of INEDs in the context of corporate governance",Comprehension,Understand
Suggest THREE (3) ethical considerations that ANA advertisers should take into account in designing commercials.,Synthesis,Create
Analyze the roles of web container or servlet container in a web server in the context of request response model.,Analysis,Analyze
Briefly describe FOUR principles in selecting and purchasing breeding stock.,Comprehension,Understand
Name all the characters in the story.,Knowledge,Remember
List and explain the FIVE (5) institutional structures that can promote and sustained economic growth.,Comprehension,Understand
Explain the consideration of pricing objectives in marketing mix.,Comprehension,Understand
Examine cross-docking warehouse layout.,Analysis,Analyze
"Base on the case study given, summarize THREE (3) ISM security problems.",Comprehension,Understand
Explain FOUR (4) factors in the Globalization of Financial Markets.,Comprehension,Understand
Illustrate TWO (2) Implications for International Advertisers,Comprehension,Understand
Explain the physical meaning of transconductance.,Comprehension,Understand
Evaluate the benefits and drawbacks of artificial drainage.,Evaluation,Evaluate
Defend your use of a specific strategy in solving the problem.,Evaluation,Evaluate
Compare the place where the story happened with where you live.,Analysis,Analyze
"In the renovation of a new car showroom, the client wishes to attract the attention of pedestrians who passes by their building. Propose the type of external envelop for this building and explain the reasons. Sketch the proposed external envelop.",Synthesis,Create
Briefly explain how tillage will influence the density of soil.,Comprehension,Understand
Differentiate between data and information using examples.,Analysis,Analyze
Rewrite the story from an animal’s point of view.,Synthesis,Create
"Define and discuss the Sharpe, Treynor, and Jensen measures of portfolio performance evaluation by identifying the situations in which each measure is the most appropriate measure.",Application,Apply
Briefly describe the advantages of MOET in cattle breeding.,Comprehension,Understand
Describe the principles of a coupled enzyme assay.,Comprehension,Understand
Use a sketch too find the exact value of each expression,Application,Apply
Differentiate between the following terms along with appropriate examples,Analysis,Analyze
Explain all the elements of multimedia with examples.,Comprehension,Understand
IBS components can be divided into five broad categories. Briefly describe with examples all FIVE (5) categories.,Comprehension,Understand
"Implement working codes for presentation, business and data layers.",Application,Apply
Determine the Fermi level (in eV) of the doped semiconductor and draw the energy band diagram.,Application,Apply
Name the four different types of interactions involved in building the tertiary structure of proteins and give one denaturing agent for each.,Comprehension,Understand
Define and explain the THREE (3) steps of bringing a new security issue in primary market.,Comprehension,Understand
Oxidation is one of the most important thermal processes. Briefly discuss the characteristics of dry oxidation.,Comprehension,Understand
Illustrate Blake and Mouton's Managerial Grid leadership styles using a diagram. Explain each of the management style identified.,Comprehension,Understand
Name the authors of...?,Knowledge,Remember
Choose a character. Rewrite a scene from the story from this character's point of view.,Synthesis,Create
Define transgenic crops.,Knowledge,Remember
Use a judge and jury to discuss the statement 'Children enjoy Anthony Browne's books because of the illustrations'.,Evaluation,Evaluate
Define factors of production.,Knowledge,Remember
Briefly discuss how TQM could be applied in the management of the newspapers' editorials.,Application,Apply
Use a switch statement to rewrite the following if statement.,Application,Apply
Glass is known to have good qualities and properties related to thermal and sound insulations. Discuss the application of glass in the construction of green building.,Comprehension,Understand
"Evaluate the nature and effect of significant ""entry barriers"" on the formulation of a strategic plan for a business which is already established in the industry.",Evaluation,Evaluate
Analyze the causes of infant mortality during and after production.,Analysis,Analyze
Plan a research paper on a given historical topic,Synthesis,Create
Suggest FOUR (4) strategies that improve individuals' psychological well-being from the physiological psychology perspectives. Elaborate your answers with examples.,Synthesis,Create
Explain and justify a new budget.,Evaluation,Evaluate
Categorize the basic concepts of multimedia with an example for each.,Comprehension,Understand
Translate the following passage from The Iliad into English.,Comprehension,Understand
Design an ideal newspaper organisational chart. Then describe the functions of the respective departments and how they relate to each other � horizontally and vertically.,Synthesis,Create
Identify a phrase as a simile,Knowledge,Remember
Identify the key points in the text,Comprehension,Understand
Draw an expiry profit diagram for the GCB bank’s position.,Comprehension,Understand
Describe the economic growth and FOUR (4) sources of economic growth.,Knowledge,Remember
Suggest FOUR (4) strategies that reduce sleep deprivation from the physiological psychology perspectives. Elaborate your answers with examples.,Synthesis,Create
List FIVE (5) properties of damp-proof courses.,Knowledge,Remember
design a cost effective strategy to generate reliable data.,Synthesis,Create
