Topic,Score,Questions
Data,5,Are the fundamental soft and hard skills needed in your data professional?
Data,5,Can a particular data provide the overview of an analysis?
Data,5,Can data entry make people rich?
Data,5,Can we handle the large amount of data in small amount of time?
Data,5,Can you add cells to store data?
Data,5,Can you provide real-world examples of data shuffling optimization in big data analytics pipelines?
Data,5,Can you share examples of animations that have provided unique insights into complex datasets?
Data,5,Data stands for what?
Data,5,Does data saves timing?
Data,5,"How are professional athletes and sports teams leveraging data analytics to optimize training, performance, and injury prevention?"
Data,5,"How can data analytics help optimize the allocation of resources and logistics in space exploration missions, ensuring safe and successful exploration beyond Earth?"
Data,5,How can data be anonymized to ensure privacy while still maintaining its utility for analysis?
Data,5,How can data be protected from security breaches and unauthorized access?
Data,5,How can data be safe?
Data,5,How can data help in role paying?
Data,5,How can data help society?
Data,5,How can data quality be assured in large scale data sets with diverse sources and formats?
Data,5,How can data visualization and sampling techniques be leveraged to navigate through vast datasets effectively?
data,5,how can I data entry in MS WORD?
Data,5,how can organizations ensure the quality and accuracy of their data?
Data,5,How can specific data provide a comprehensive overview of an analysis?
Data,5,"How can techniques like data cleansing, data integration, and data profiling contribute to maintaining data accuracy, consistency, and reliability?"
Data,5,How can the integration of data from historical archives and ancient sources contribute to our understanding of long-term trends or patterns?
Data,5,How can the integrity of enormous data sets from many sources and formats be ensured?
Data,5,How can we save data?
Data,5,How can you handle bid data?
Data,5,How can you prevent someone from copying a cell in a spreadsheet?
Data,5,how data can examing effiectivelty?
Data,5,How data helps to provide information?
Data,5,How data helps us in our regular life?
Data,5,How do you analysis data?
Data,5,How do you ensure the accuracy and reliability of data?
Data,5,How do you ensure the privacy and security of data when sharing it with others?
Data,5,How do you handle data handling?
Data,5,How do you protect the privacy and security of data?
Data,5,How do you treat outliers in a dataset?
Data,5,how does data analytics contribute to business growth and innovation?
Data,5,How does data differ from information?
Data,5,How does data works?
Data,5,"How does geographic information system (GIS) technology enable the analysis of spatial data, and what are some real-world applications of spatial data visualization?"
Data,5,How fast data is growing?
Data,5,How frequently is the data updated or refreshed?
Data,5,How important is it to understand data?
Data,5,How is big data different from traditional data processing methods?
Data,5,How is data formed?
Data,5,How is data helpful to us?
Data,5,How is data processing done?
Data,5,How many sources of data are there?
Data,5,How Many Types of data Visualization Are There?
Data,5,How much data is stored in the world?
Data,5,How to clean data?
Data,5,How to deal with the challenges of data analysis?
Data,5,how to find data from internet?
Data,5,How to find the right data?
Data,5,How to reduce dirty data?
Data,5,How to understand data properly?
Data,5,How we can find data?
Data,5,"If the data could speak, what story would it tell?"
Data,5,"If the operator has any confusion while entering the customer's personal details, what should be the first step to be taken by the operator?"
Data,5,"In the context of data analytics, what is the difference between correlation and causation?"
Data,5,Is big data the future?
Data,5,Is data analysis an art?
Data,5,Is data entry is important in business?
Data,5,Is it possible to store large number of data in a single platform?
Data,5,Is there any historical data available for comparison or trend analysis?
Data,5,What are examples of uncertainty visualization techniques in scientific and statistical data analysis?
Data,5,What are some advanced techniques for outlier detection in large datasets?
Data,5,What are some common challenges in working with big data and how can they be addressed?
Data,5,What are some common methods for visualizing data?
Data,5,What are some emerging trends and technologies in the field of data science?
Data,5,What are some innovative ways to achieve a balance between data-driven insights and protecting individual privacy rights?
Data,5,What are some key skills usually required for a data?
Data,5,What are some potential concerns regarding the ethical implications of merging human biology with data technology?
Data,5,What are some unconventional approaches to secure multi-party computation that enable collaborative data analysis without revealing sensitive information?
Data,5,What are the 8 steps of data analysis?
Data,5,"What are the approaches for dealing with data skewness and stragglers in iterative data processing algorithms, such as machine learning algorithms or graph algorithms?"
Data,5,What are the biggest challenges in data analytics?
Data,5,What are the challenges and opportunaties of data?
Data,5,What are the common problems that data analysts encounter during analysis?
Data,5,what are the common source of data?
Data,5,What are the differences between probability and non-probability sampling methods and the implications of each approach on data quality and generalizability?
Data,5,What are the different approaches for handling missing data in a dataset?
Data,5,What are the different formats of the data?
Data,5,What are the different types of data?
Data,5,What are the drawbacks and dangers of making decisions exclusively based on data?
Data,5,"What are the emerging trends in data compression algorithms, and how can they be optimized to balance compression ratios, computational efficiency, and preservation of data fidelity?"
Data,5,What are the findings of a data?
Data,5,What are the limitations potential pitfalls of  relying solely on data driven decision-making?
Data,5,What are the main challenges in dealing with imbalanced datasets in machine learning?
Data,5,"What are the main steps involved in the data mining process, and how does each step contribute to the overall analysis?"
Data,5,What are the most promising techniques for detecting and mitigating data drift in real-time streaming data analysis?
Data,5,What are the popular data analytical softwares?
Data,5,what are the requirements for becoming a data analyst?
Data,5,What are the roles and responsibilities of the data entry clerk?
Data,5,What are the skills required for a data analyst?
Data,5,what are the sources we gets data?
Data,5,What are the various steps involved in any analytics project?
Data,5,What challenges arise when visualizing data that has both temporal and spatial components?
Data,5,What data-driven approaches can be employed to optimize supply chain logistics for delivering essential goods to remote and isolated regions?
Data,5,What do you do with data analysis?
Data,5,What do you think about Data?
Data,5,What do you think are the three best qualities that great data analysts share?
Data,5,what does data visualization stands for?
Data,5,What information can you find with the help of data?
Data,5,What information do I need?
Data,5,What innovative data analysis techniques can be employed to understand the behavior and preferences of extremely niche or specialized target audiences?
Data,5,What is data analysis skillls?
Data,5,What is data analysis?
Data,5,What is data and findings?
Data,5,What is data and why is it important in various fields?
Data,5,What is data and why is it important?
Data,5,What is data cleansing?
Data,5,What is data in math?
Data,5,What is data in simple language?
Data,5,"What is data normalization, and why is it important in maintaining data integrity and consistency in a relational database?"
Data,5,What is data quality skills?
Data,5,What is data threats?
Data,5,What is data understanding?
Data,5,What Is Data Visualization?
Data,5,What Is Data Wrangling?
Data,5,what is data?
Data,5,What is meta data?
Data,5,What is some data analytics software you are familiar with?
Data,5,What is some data anlysis software?
Data,5,What is the definition of data?
Data,5,What is the difference between a shallow copy and a deep copy in Python?
Data,5,What is the difference between correlation and causation in data analysis?
Data,5,What is the difference between data privacy and data security?
Data,5,What is the difference between data profiling and data mining?
Data,5,What is the difference between qualitative and quantitative data?
Data,5,what is the important of data in decision-making processes?
Data,5,What is the largest data set you have worked with?
Data,5,what is the meaning of time series analysis?
Data,5,What is the process for data cleaning?
Data,5,What is the process of data acquisition and preprocessing in machine learning?
Data,5,What is the process of data analysis?
Data,5,what is the processes of cleaning data?
Data,5,What is the relationship between the two?
Data,5,What is the role of data governance in ensuring the quality and integrity of data?
Data,5,What is the role of data privacy and security in today's digital age?
Data,5,What is the role of data visualization in communicating insights from data?
Data,5,"What is the role of data visualization in data analysis, and why is it important?"
Data,5,What is the role of real-time analytics in business intelligence?
Data,5,What is The safe way to handle data?
Data,5,What is the significance of data?
Data,5,What is the significance of Exploratory Data Analysis?
Data,5,What is the size or volume of the data?
Data,5,What is the source of data?
Data,5,What is the timeframe covered by the data?
Data,5,What is your data cleansing method?
Data,5,What is your data cleansing procedure?
Data,5,What is your method for cleansing data?
Data,5,What makes you the best candidate for the job?
Data,5,What other variables or attributes are included in the data?
Data,5,What process to follow while working on a data analysis project?
Data,5,What purposes serve data?
Data,5,What six categories of data problems exist?
Data,5,What the largest working data set?
Data,5,What types of data we will be working with?
Data,5,"What visualization methods are effective in conveying patterns, trends, and anomalies in time-series data?"
Data,5,What was your most successful data analyst project?
Data,5,what's the differences between Data Mining and Data Profiling?
Data,5,"When dealing with large-scale datasets containing millions of records, what are some efficient methods to perform exploratory data analysis (EDA) and gain valuable insights into the data's distribution, patterns, and anomalies?"
Data,5,"When dealing with textual data, what are the advanced techniques for visual text analytics?"
Data,5,Where can I find the largest desert on Earth?
Data,5,Where can i get data?
Data,5,Where do I find information?
Data,5,where will your data come from?
Data,5,Where you might find the data?
Data,5,Which information can I trust?
Data,5,Which method should I follow to find data?
Data,5,Which precautions protect online data?
Data,5,Why Data is Important?
Data,5,Why do we handle data?
Data,5,why is data essential in various fields?
Data,5,Why is data so crucial?
Data,5,Why is it important to understand this distinction?
Data,5,will data help some one in communication?
Data,15,can data backdown research paper?
Data,15,Can data help me in research to make the right topic?
Data,15,How can data anonymization techniques be enhanced to balance the need for privacy while still preserving the utility of data for analysis and research purposes?
Data,15,How can data help me in research?
Data,15,How can I make sure that the data is correct research?
Data,15,How data expressing information?
Data,15,How do you conduct a research data?
Data,15,How to analysis a data properly for my research purpose?
Data,15,How to analysis data for quality research?
Data,15,How to conduct a research in a way that is understood by everybody?
Data,15,Is background information really necessary for a research?
Data,15,Is data analysis really necessary for research?
Data,15,Is graph really necessary for a research paper?
Data,15,What are the main challenges associated with big data processing and analysis?
Data,15,What excites you about data analysis?
Data,15,What excites you about this role?
Data,15,What Information do i need for my research?
Data,15,What is data in research?
Data,15,what is the first step in conducting a proper research?
Data,15,"What techniques or tools are available to handle large datasets in my date graph, especially when dealing with millions or billions of data points over an extended period?"
Data,15,What type of data is needed for a research?
Data,15,Where do i find the information for my research?
Data,15,why is data important in data research?
Data,20,Are there any known biases or limitations in the data collection process?
Data,20,Can data entry collect data from business?
Data,20,Can we use AI to manipulate data?
Data,20,How can data analysis be applied to better understand the cultural impact of ancient civilizations through the study of historical artifacts and archaeological records?
Data,20,"How can data analysis be used to uncover hidden patterns or correlations in unconventional datasets, such as studying ancient texts, art, or historical artifacts?"
Data,20,"How can data engineering techniques be applied to handle the challenges of streaming data and real-time processing, such as data latency, scalability, and data consistency?"
Data,20,How can data mining algorithms be effectively used for fraud detection and prevention in financial transactions and other domains?
Data,20,How can data shuffling impact the performance of MapReduce or Spark jobs in distributed data processing?
Data,20,How can one collect data from various sources?
Data,20,"How can quantum computing impact data processing and analysis, especially for large-scale or complex datasets?"
Data,20,How can the data be accessed and used in different tools or platforms?
Data,20,How can we address the ethical concerns surrounding the collection and use of personal data by tech giants and social media platforms?
Data,20,"How can we address the ethical implications of big data collection and analysis, particularly in terms of privacy, consent, and the potential for discrimination or manipulation of individuals?"
Data,20,"How can we leverage advanced data fusion techniques, such as sensor fusion or multi-modal fusion, to extract richer insights from diverse and heterogeneous data sources?"
Data,20,How can we use MS EXCEL for data entry?
Data,20,How can you ensure the accuracy and reliability of data presented in a graph?
Data,20,How data can help in painting?
Data,20,How data can help in playing sport?
Data,20,How data can implement in regular work?
Data,20,"How do clustering algorithms work in data mining, and what are some popular clustering algorithms used in practice?"
Data,20,How do i use the information ethically?
Data,20,How do these approaches impact the validity and reliability of the analysis?
Data,20,How do you use data mining techniques to extract insights from data?
Data,20,How does data-driven decision-making impact organizational performance and competitiveness?
Data,20,"How does Natural Language Processing (NLP) technology extract meaningful information from text data, and what are the challenges in understanding and processing human language?"
Data,20,"How does the process of data collection, cleaning, and preprocessing impact the quality and reliability of insights drawn from datasets?"
Data,20,How is data collected and stored?
Data,20,"How is data collected, stored, and processed in a typical database system?"
Data,20,how is data collected?
Data,20,How is data used in real life?
Data,20,How the data will be presented?
Data,20,How to collect Data?
Data,20,How will the results obtained from data analysis be used?
Data,20,How will you handle missing data or outlier in your collected data?
Data,20,"In the era of artificial intelligence and machine learning, what are the ethical ramifications of collecting and using personal data?"
Data,20,Is data really useful for our daily life?
Data,20,Is primary data really the best method for collecting data?
Data,20,Should the data be presented in a cumulative or non-cumulative format?
Data,20,What are some creative ways to optimize the performance of an algorithm by leveraging parallel computing and GPU acceleration?
Data,20,"What are some useful formulas in Excel, how can anyone use it effectively?"
Data,20,What are the best methods to use data wisely?
Data,20,What are the challenges and best practices in data cleaning and preprocessing for effective data analytics?
Data,20,what are the common method of data collecting?
Data,20,"What are the different approaches and technologies available for data extraction, transformation, and loading (ETL) processes, and how do they address the requirements of different use cases?"
Data,20,What are the different challenges one faces during collecting data?
Data,20,What Are The Different Statistical Analysis Or Visualisation Methods one Can Apply To Your Data?
Data,20,What are the different types of sampling techniques used by data analysts?
Data,20,"What are the emerging trends and technologies in data engineering, such as serverless computing, containerization, or the use of data engineering platforms and frameworks?"
Data,20,"What are the emerging trends and technologies in data processing, such as serverless computing, edge computing, or the integration of data processing with machine learning frameworks?"
Data,20,What are the ethical implications of collecting and using personal data in the age of of artificial intelligence and machine learning?
Data,20,What are the responsibilities of data collection?
Data,20,What are the techniques for sentiment analysis and text mining to extract insights from textual data sources?
Data,20,What are the the challenges of real-time data collection and analysis in IoT environments and how edge computing can help address these challenges. What are the trade-offs between processing data at the edge versus centralizing the data for analysis in cloud-based systems?
Data,20,What are the tools for collecting data?
Data,20,what are the uses of data?
Data,20,What causes dirty data?
Data,20,What impacts can you get by using data?
Data,20,What is big data and what are its main characteristics?
Data,20,What is Excel and what is it used for?
Data,20,What is the best method to collect data from various sources?
Data,20,"What is the difference between data mining and traditional statistical analysis, and how do they complement each other in extracting insights from data?"
Data,20,What is the impact of big data on various industries?
Data,20,What is the main source of data collection?
Data,20,"What is the role of data preprocessing in the data mining process, and what are some common techniques used for data cleaning, transformation, and normalization?"
Data,20,what is the timeline of your data collection process?
Data,20,What role does data play in decision-making processes?
Data,20,What specific information or data points are you looking to collect?
Data,20,What statistical methods have you used in data analysis?
Data,20,What will be our data collection method?
Data,20,which scales should apply to different dataset?
Data,20,Which type of format use in MS EXCEL?
Data,20,Who is the audience that will use the results from the data analysis?
Data,20,who would be the end users of the data analysis?
Data,20,Why can data be useful?
Data,20,Why do people collect data?
Data,20,"With the increasing prevalence of data breaches and privacy concerns, how can technology be leveraged to enhance security and protect sensitive information without compromising user trust?"
Data,25,Can data be generated?
Data,25,can data grade everyone right?
Data,25,Can data help me to rate some book?
Data,25,can data link with someone?
Data,25,Can you define Data visualization?
Data,25,Define the term 'Data Wrangling in Data Analytics?
Data,25,How can data be anonymized while still retaining its analytical value?
Data,25,How can data be divided in many segment?
Data,25,how can data debate with someone?
Data,25,how can data help in measuring?
Data,25,"How can exploratory data analysis techniques, such as data visualization and summary statistics, help in understanding the underlying patterns and relationships in a dataset?"
Data,25,"How can network visualization help us understand intricate relationships within data, such as social networks or interconnected systems?"
Data,25,How can one analyze the data properly?
Data,25,How can you handle missing values in a dataset?
Data,25,How does data influence the understanding of consumer behavior and market trends?
Data,25,How many data points or values do you have for each variable or category?
Data,25,How should the rarity of the data influence the sample size or analysis approach?
Data,25,How to analyze data correctly?
Data,25,How to analyze qualitative data?
Data,25,how to break down data?
Data,25,"How to ensure if the data in a structured format (e.g., CSV, JSON) or unstructured (e.g., text, images)?"
Data,25,How to measure good data?
Data,25,How to measure the quality of data?
Data,25,How to search & analyze data?
Data,25,How would you architect a fault-tolerant and scalable system for processing and analyzing large-scale graph data?
Data,25,How would you architect a scalable and efficient system for processing and analyzing streaming data in real-time?
Data,25,"How would you define the term ""data"" and its significance?"
Data,25,Is data helpful for rating?
Data,25,Is data helpful in debating?
Data,25,"What are some ethical considerations and challenges specific to handling rare or sensitive datasets, such as rare diseases or confidential personal information?"
Data,25,What are some innovative strategies for optimizing the energy efficiency of data centers and server farms?
Data,25,"What are the challenges and approaches for mining and analyzing large-scale, high-dimensional datasets, such as those encountered in big data analytics?"
Data,25,What are the data-driven strategies for optimizing the allocation of medical resources and personnel during rare and large-scale health emergencies?
Data,25,What are the ethical considerations in data analytics?
Data,25,What are the five question of analysis?
Data,25,What are the importance of data quality and data cleaning techniques?
Data,25,What are the key differences between structured and unstructured data?
Data,25,What are the main challenges and considerations when working with streaming data in real-time applications?
Data,25,What are the six sorts of data problems?
Data,25,What data-driven approaches can be employed to analyze and preserve endangered indigenous languages and cultures?
Data,25,What data-driven methods can be employed to analyze and enhance the effectiveness of conservation efforts for critically endangered species with limited available data?
Data,25,What is generation value?
Data,25,What is questioning data?
Data,25,What is the best format to analyze data correctly?
Data,25,What is the importance of quality control in medical analysis?
Data,25,what is the possibility of data in stock market?
Data,25,What is the role of statistics in analyzing data?
Data,30,How are bioinformatics and data analysis applied in medical research?
Data,30,"How can data processing pipelines be optimized for resource allocation, task scheduling, and fault tolerance in cloud computing environments?"
Data,30,"How can data technologies aid in the preservation and restoration of cultural heritage sites, artifacts, and languages that are at risk of being lost?"
Data,30,How can data visualization and interactive tools enhance the communication and dissemination of research findings to both scientific and non-scientific audiences?
Data,30,How can stratification be effectively implemented to ensure representative samples in situations where data are highly imbalanced?
Data,30,How do you protect data collection in research?
Data,30,"How does data warehousing differ from data lakes, and what are the advantages and disadvantages of each approach in terms of data storage and processing?"
Data,30,"How is data being used as a medium for artistic expression, and what new forms of creativity can emerge from this intersection?"
Data,30,How to collect research data?
Data,30,How to represent data visually?
Data,30,How will you represent/display the data collected from the source?
Data,30,how would you use data visualization techniques to represent a complex database?
Data,30,"In the context of large-scale data collection, what are the advantages and disadvantages of using stratified sampling over simple random sampling?"
Data,30,Provide examples of visualizations that effectively represent textual information?
Data,30,"What are some innovative approaches to handling imbalanced datasets, where certain classes or categories are significantly underrepresented?"
Data,30,"What are the challenges and best practices in anonymizing data for research purposes while preserving its utility and avoiding re-identification risks. What are the current advancements in privacy-preserving techniques, and how can they be applied in different data collection scenarios?"
Data,30,"What are the challenges associated with data synchronization, timestamp accuracy, and data integrity in IoT data collection?"
Data,30,What are the potential advantages and challenges of using quantum data algorithms in comparison to classical methods?
Data,30,What are uses of data for my research?
Data,30,What data exactly gather?
Data,35,Are there any privacy or security considerations associated with the data?
Data,35,can data achieve high knowledge?
Data,35,Can data help me in solving Problem?
Data,35,Can data help programming?
Data,35,can data mix tow world?
Data,35,Can you add comments to a cell?
Data,35,Can you describe a novel approach to optimizing database performance in real-time systems?
Data,35,Can you outline a unique algorithm for analyzing sentiment in multilingual social media data?
Data,35,How can data help in leading future?
Data,35,How can data help solving problem?
Data,35,How can data help to lead life right way?
Data,35,how can data helpful for managing?
Data,35,How can data lead the way in the future?
Data,35,How can data solve problems?
Data,35,How can I solve problem with data?
Data,35,How can outliers be handled appropriately in data analysis?
Data,35,How can we treat outliners in a underfitting?
Data,35,How do you ask good data questions?
Data,35,How do you store and manage large volumes of data?
Data,35,How important is data for survey report?
Data,35,How should outliers in a dataset be handled?
Data,35,is data helpful for negotiating?
Data,35,is data helpful in composing?
Data,35,Is it really possible that data could solve any problem?
Data,35,"What are the ethical considerations and potential biases associated with data mining, particularly when dealing with sensitive or personal data?"
Data,35,What are the potential risks and opportunities associated with incorporating data generated by emerging technologies like blockchain or the Internet of Things (IoT) into traditional data analysis?
Data,35,What is the role of data in decision-making and problem-solving?
Data,35,Why is it called data?
Data,35,will data solve the pi problem?
Data,40,Are there any potential biases or limitations that need to be considered when collecting data?
Data,40,"As data collection becomes more pervasive, how can we ensure that the ethical considerations surrounding data privacy are upheld?"
Data,40,How can data analysis be applied to understand the long-term trends and implications of rare art movements and their influence on modern art forms?
Data,40,"How can data analytics be applied to explore and understand the impact of rare natural events, such as volcanic eruptions or meteor strikes?"
Data,40,How can data anonymization techniques be applied to preserve privacy while still maintaining the utility and value of the dataset for analysis?
Data,40,How can I use my data in grading?
Data,40,"How can stream processing systems, such as Apache Kafka or Apache Flink, be used to process and analyze real-time data streams with low-latency requirements?"
Data,40,How can time series analysis techniques be applied to analyze and forecast trends in temporal data?
Data,40,"How can you visualize natural language processing results, such as sentiment analysis, topic modeling, and named entity recognition, to provide meaningful insights from unstructured text?"
Data,40,"How do different types of temporal data, such as discrete events and continuous measurements, impact the choice of visualization approach?"
Data,40,How do you examine data?
Data,40,How do you use natural language processing techniques to analyze text data?
Data,40,"How does data anonymization and privacy preservation play a crucial role in sharing and analyzing sensitive datasets, and what are some techniques used to achieve these goals?"
Data,40,"How does data quality vary across different industries and sectors, and what are the factors influencing these variations?"
Data,40,How might quantum computing impact the way we process and analyze massive datasets?
Data,40,How reliable and accurate is the data that can be collected?
Data,40,How structured data impacts in real life?
Data,40,How to examine data properly?
Data,40,How Would You Define a Good Data Model?
Data,40,Implement a linked list data structure in Java?
Data,40,Implement a queue data structure in Python using a list?
Data,40,"What are data manipulation techniques such as text mining, natural language processing, and sentiment analysis and are they used to extract insights from unstructured data?"
Data,40,What are some common methods for analyzing and extracting insights from data?
Data,40,What are some ethical considerations when collecting and using data?
Data,40,"What are the best practices for data integration and data consolidation from diverse sources, including structured and unstructured data?"
Data,40,"What are the considerations and techniques for data storage and data retrieval in distributed and scalable systems, such as data lakes, data warehouses, and NoSQL databases?"
Data,40,What are the emerging practices and methodologies for data quality assessment and data cleansing in large-scale datasets?
Data,40,What are the ethical considerations surrounding data collection and usage?
Data,40,What are the main techniques used for analyzing categorical data in statistics?
Data,40,"What data-driven insights can be gained from analyzing the linguistic evolution of rare and endangered languages, and how can this information be used for preservation efforts?"
Data,40,What industries or fields might benefit the most from incorporating AR into data visualization practices?
Data,40,What innovative strategies can be employed to ensure the privacy and security of user data in a cloud computing environment?
Data,40,"What novel approaches and methodologies are being developed to handle the challenges of storing, processing, and analyzing streaming data in real-time?"
Data,40,"What strategies can be employed to optimize shuffling and reduce data transfer overhead, especially in scenarios where data skew and network bandwidth limitations pose significant challenges?"
Data,40,Why can we automatically generate data using AI?
Data,45,is data help in research in filming?
Data,50,Can data change the world?
Data,50,Can data help identify the problem?
Data,50,Can data help to change the future?
Data,50,can you explain the concept of data normalization?
Data,50,Can you explain the steps you took to ensure the accuracy and reliability of your data?
Data,50,Can you outline a novel solution for real-time anomaly detection in network traffic data to identify potential cyber attacks?
Data,50,Can you provide examples of how data visualization and sonification have been utilized to create art?
Data,50,Can you provide examples of how effective data management practices can impact decision-making and business outcomes in a data-driven environment?
Data,50,Can you provide examples of successful interactive data dashboards that have led to actionable insights?
Data,50,Explain the concept of data lineage and its significance in understanding the origins and transformations of data within a complex data ecosystem?
Data,50,"Explain the concept of outlier detection in machine learning. What are some techniques used to identify and handle outliers in the dataset, and how do they affect model training and evaluation?"
Data,50,From where will I search & identify the proper data?
Data,50,How big data change the world?
Data,50,"How can advanced anomaly detection algorithms, such as deep generative models or one-class classification, be applied to identify previously unseen and subtle anomalies in complex and dynamic datasets?"
Data,50,How can data analysis be used to identify and understand the impact of rare astronomical events or celestial phenomena on Earth's environment and climate?
Data,50,"How can data be efficiently collected from various IoT devices with diverse communication protocols and formats, and what tools or middleware are available to facilitate this process?"
Data,50,how can data help to create building?
Data,50,"How can data science be applied to uncover and understand the underlying factors contributing to rare and unexplained natural phenomena, such as ball lightning or earthquake lights?"
Data,50,"How can they handle issues related to echo chambers, filter bubbles, and other forms of digital polarization that can affect the representativeness of the data?"
Data,50,how do you prepare data analysis?
Data,50,"How does outlier detection play a role in data mining, and what techniques can be used to identify outliers in a dataset?"
Data,50,"How has the availability of streaming data allowed platforms like Netflix to optimize content recommendations, and what are the ethical considerations associated with using this data to influence user behavior?"
Data,50,how i can use data in blogging?
Data,50,How often do you need to change the data?
Data,50,"how to build data based on blogging, building and animating?"
Data,50,How to build the right amount data?
Data,50,how to build wiki data?
Data,50,How to relate the data more natural for the human mind to comprehend?
Data,50,How to use data in order to save the world from pollution?
Data,50,"Python provides various libraries and frameworks for data analysis and scientific computing, such as NumPy, pandas, and SciPy. Can you explain the main features and use cases of each library and how they contribute to the Python ecosystem for data analytics?"
Data,50,"Utilizing a data visualization tool, create an interactive graph that displays the sales performance of different products over the past year?"
Data,50,What are some unconventional sources of data that have been successfully used to gain unique insights or solve specific problems?
Data,50,"What are the best practices for feature selection and dimensionality reduction in data mining, especially when dealing with high-dimensional datasets?"
Data,50,"What are the challenges and techniques for incorporating time series data into machine learning models, such as recurrent neural networks (RNNs) or long short-term memory (LSTM) networks, for tasks like forecasting or sequence generation?"
Data,50,"What are the ethical considerations and challenges associated with data collection, storage, and usage?"
Data,50,What are the ethical considerations and potential biases associated with using automated decision-making algorithms that rely on large-scale data analysis?
Data,50,what patterns or trends can you identify from the given data set?
Data,50,What questions are asked in a data analyst interview?
Data,50,"What role does animation play in conveying changes over time in data visualization, and how can it be used effectively without causing distraction or confusion?"
Data,50,"When collecting data from online sources and social media platforms, how can researchers identify and mitigate potential biases and misinformation to ensure the data's reliability?"
Data,50,"When visualizing time-series data, what are the best practices for handling temporal changes and trends?"
Data,50,Why do we need to prepare data?
Data,50,will data change the way of writing?
Data,55,"Describe the concept of data aggregation and its role in summarizing and reducing large datasets. What are some common aggregation techniques, such as roll-up, cube, or grouping, and how do they help in data processing?"
Data,55,How can data be validated and verified to ensure its accuracy and reliability?
Data,55,"How can data engineering support data governance and data quality initiatives to ensure the reliability, accuracy, and consistency of the data?"
Data,55,How would you design an algorithm for automated video summarization that can capture the key moments and events in a video?
Data,55,How would you design an algorithm to detect and prevent click fraud in online advertising networks?
Data,55,"What are the emerging trends and future directions in data mining, such as mining graph and network data, deep learning-based approaches, or incorporating domain knowledge into the mining process?"
Data,55,"What are the key challenges in federated learning, and what techniques have been proposed to address them?"
Data,55,What are the key considerations for organizations when managing and ensuring the quality of diverse and large-scale datasets?
Data,55,"What are the novel applications of data analysis in fields that are traditionally considered qualitative or artistic, such as literature, music, or creative writing?"
Data,60,How can data help build the perfect research?
Data,60,"What are the best practices for data versioning, data lineage, and metadata management to facilitate data traceability and reproducibility?"
Data,60,"What are the ethical consideration when collecting, using and analyzing data?"
Data,60,"When building a large-scale multilingual dataset for NLP tasks, how can you ensure data quality and maintain consistency across different languages?"
Data,65,Can big data really improve my research quality?
Data,65,"Discuss techniques and strategies to address class imbalance, such as resampling methods, cost-sensitive learning, and ensemble approaches?"
Data,65,"Discuss the principles of visual scalability in data visualization design. How can you create visualizations that remain informative and readable when dealing with varying data sizes, from small datasets to massive datasets with billions of data points?"
Data,65,"Discuss the role of data skew, data co-location strategies, and task scheduling mechanisms in achieving high-performance data processing?"
Data,65,"How can data analytics be leveraged to predict and manage the effects of rare weather phenomena, such as microbursts or hailstorms, on agriculture and crop yield?"
Data,65,How can data partitioning and shuffling strategies be optimized to minimize data movement and improve the performance of distributed data processing tasks?
Data,65,How can we design a qualitative research data and why is it important?
Data,65,"In what ways can data analysis contribute to predicting and mitigating the long-term effects of rare geological events, such as supervolcanic eruptions or tectonic shifts?"
Data,65,"What are the advantages and limitations of different types of data analytics techniques, such as descriptive, diagnostic, predictive, and prescriptive analytics?"
Data,65,"What are the key challenges associated with storing, managing, and analyzing big data?"
Data,70,can data build the perfect score in paper?
Data,70,Can data use to improve how blogging is written?
Data,70,Describe the process of data anonymization and pseudonymization. What are the ethical and legal considerations surrounding these practices in data sharing?
Data,70,Describe various strategies for sorting large datasets that cannot fit into memory. How can external sorting algorithms be used to efficiently sort such datasets?
Data,70,Explain the concept of variance and standard deviation. How do these measures help in understanding the spread or dispersion of data?
Data,70,How can  I choose the right data?
Data,70,"How can data analytics be leveraged to gain actionable insights from social media data, customer reviews, and other unstructured data sources?"
Data,70,How can data analytics be used to optimize business processes and improve operational efficiency?
Data,70,"How can data engineering support the implementation of data security and privacy measures, such as data encryption, access control, and anonymization techniques?"
Data,70,"How can data mining techniques be employed to identify meaningful patterns and correlations in unstructured text data, such as social media posts, customer reviews, or scientific articles?"
Data,70,How can data science be applied to analyze and enhance the energy efficiency and sustainability of rare and unique architectural designs?
Data,70,"How can data science be applied to optimize the design and production of rare or limited-edition products, ensuring a balance between demand and scarcity?"
Data,70,"How can data visualization techniques aid in explaining the decisions made by complex machine learning models, thus enhancing model transparency and interpretability?"
Data,70,How do i choose a dataset?
Data,70,"How do you collect, organize, and analyze data?"
Data,70,How does data collection and analysis contribute to the development of knowledge and innovation?
Data,70,"How does the CAP theorem (Consistency, Availability, Partition Tolerance) impact the design and operation of distributed databases and systems?"
Data,70,How is data interpreted in our daily life?
Data,70,"how to build data based on adapting, collaborating, composing and directing?"
Data,70,"how to build data based on devising, podcasting and wiki building?"
Data,70,In what scenarios can data from virtual or augmented reality environments be used to improve real-world decision-making or simulate rare situations?
Data,70,In what ways can augmented reality enhance the presentation of data and insights compared to traditional two-dimensional charts?
Data,70,"In what ways can data analysis be used to improve the efficiency and sustainability of large-scale agriculture or aquaculture practices, while considering environmental impacts?"
Data,70,In what ways can data analysis be used to understand and support the mental well-being of individuals facing rare and challenging life situations?
Data,70,In what ways can data analysis be used to understand the impact of microgravity on astronaut health and devise tailored exercise and nutrition regimens for long-term space missions?
Data,70,In what ways can data science be utilized to optimize personalized educational approaches and support students with rare learning needs or neurodivergent conditions?
Data,70,What are the advantages and limitations of using biological systems for data storage compared to traditional electronic methods?
Data,70,What are the considerations and techniques for data compression and serialization in data processing systems to reduce storage requirements and improve data transfer efficiency?
Data,70,"What are the data-driven strategies for enhancing disaster preparedness and response, particularly for rare or unprecedented natural disasters or extreme weather events?"
Data,70,"What are the state-of-the-art techniques for handling missing data in machine learning, such as imputation methods, and how do they impact the quality and interpretability of the learned models?"
Data,70,What data-driven approaches can be used to analyze and address the impact of rare geological events on infrastructure resilience and disaster preparedness?
Data,70,"What distinguishes structured data from unstructured data, and how do different data types influence the methods used for storage, analysis, and interpretation?"
Data,75,is data needed in test?
Data,75,What is the greatest weakness of a data analyst?
Data,75,What is the role of A/B testing in data analytics?
Data,75,What is your greatest strength as a data analyst?
Data,80,Can you provide guidelines for color selection and discuss color schemes suitable for different data types and visualization goals?
Data,80,What types of data are most likely to provide actionable insights and drive meaningful improvements in your business or research objectives?
Data,90,"In the context of big data analytics, what are the challenges and considerations for integrating unstructured and semi-structured data sources into a business intelligence system?"
Data,100,"Discuss the challenges of visualizing uncertainty and probabilistic data. How can you incorporate uncertainty representations, such as error bars, confidence intervals, and probabilistic visualizations, to communicate the reliability of data and model predictions accurately?"
Data,100,"How can data analysis be used to predict and prevent rare cyber threats, such as zero-day exploits or sophisticated cyber-attacks on critical infrastructure?"
Data,100,How can data analysis contribute to improving mental health care by identifying early warning signs and personalized treatment plans for individuals at risk of uncommon mental health conditions?
Data,100,"How can data mining be used in healthcare to discover patterns in patient data, predict disease outcomes, and improve treatment strategies?"
Data,100,How do you use data to make predictions or draw conclusions?
Data,100,"Once you have the data, how would you use it to calculate an estimate?"
Data,100,What are the benefits of real-time data processing and analysis in supporting operational decision-making. Explain the technologies and approaches used to enable real-time analytics in BI systems?
Data,100,"What ethical considerations arise when creating data visualizations, and how can designers avoid bias, distortion, or misrepresentation of information?"
Documentation,5,Can my documents be violated by external parties?
Documentation,5,Does documentation contain enough information?
Documentation,5,Does documentation need any examination?
Documentation,5,How can consistency and clarity be kept in documentation when there are several authors or contributors?
Documentation,5,how can documentation be kept up to date?
Documentation,5,How can documentation be made more accessibly?
Documentation,5,how can documentation be made?
Documentation,5,How can documentation contribute to the maintenance and long-term sustainability of a project?
Documentation,5,How can i keep my documents private?
Documentation,5,how can i make a documentation?
Documentation,5,How can you maintain consistency and clarity in documentation when multiple authors contributors are involves?
Documentation,5,How consequential is to verdict ones documentation?
Documentation,5,"How do you ensure that documentation is clear, concise, and effectively conveys the intended information to its audience?"
Documentation,5,"How do you ensure that project documentation adheres to regulatory requirements and compliance standards, if applicable?"
Documentation,5,How do you ensure that project documentation is aligned with organizational standards and guidelines?
Documentation,5,How do you ensure that project documentation is clear and easily understandable by stakeholders?
Documentation,5,How do you handle sensitive or confidential information in project documentation?
Documentation,5,"How do you strike a balance between providing too much detail and too little information in documentation, especially when dealing with complex topics?"
Documentation,5,how do you typically format your documents in word?
Documentation,5,How important document is?
Documentation,5,How many type of documentations can be made?
Documentation,5,How may documentation increase a project's or a process' effectiveness?
Documentation,5,How monumental it is to detect ones documentations?
Documentation,5,how should documentation effective?
Documentation,5,How to document the findings?
Documentation,5,How to document your findings effectively?
Documentation,5,Is it crucial to record your findings?
Documentation,5,Is it important to document your  findings?
Documentation,5,what are the essential components or elements that should be included in documention?
Documentation,5,what are the goals of documentation?
Documentation,5,"What are the key components of effective documentation, and how can they be achieved?"
Documentation,5,what are the key elements that should be included in a software requirements document?
Documentation,5,What are the main obstacles to producing thorough documentation?
Documentation,5,What are the potential consequences of poor or inadequate documentation?
Documentation,5,What are the principles for producing documentation?
Documentation,5,What is document?
Documentation,5,what is documentation?
Documentation,5,What is file format standards on documentation?
Documentation,5,What is the difference between documentation and document?
Documentation,5,What is the necessity of document?
Documentation,5,what is the purpose of documentation in a project or organization?
Documentation,5,What possible repercussions could there be from inadequate or subpar documentation?
Documentation,5,what should be include in effective documentation?
Documentation,5,What would you do if you notice a colleague's documentation procedures don't meet compliance or policy standards?
Documentation,5,whats best sits for documentation?
Documentation,5,what's your favorite's feature in microsoft word?
Documentation,5,where will i get information to make a document?
Documentation,5,Why do I need documentation in the future?
Documentation,5,Why documentation is necessary?
Documentation,5,why documentation is required?
Documentation,5,Why is documentation crucial in every subject and sector?
Documentation,5,why is documentation important?
Documentation,15,Does document gather information?
Documentation,15,How can documentation be said to be important in the research process?
Documentation,15,How important is it to document research findings?
Documentation,20,Do you have experience with transferring physical documents to digital systems?
Documentation,20,Does document can be executing by digital migration?
Documentation,20,How can documentation serve as a valuable resource for onboarding new team members or users?
Documentation,20,how to use microsoft word?
Documentation,20,How we can implement document on digital preservation strtegies?
Documentation,20,what are the different types documentation that are commonly  used in the industry?
Documentation,20,what are the key benefits of using templates for documents?
Documentation,20,What are the key elements that should be included in documentation to make it comprehensive and useful?
Documentation,20,what key information should be included in documentation to make it effective and useful?
Documentation,20,What methods can be used to guarantee that the documentation is correct and current?
Documentation,20,What methods do you use to update staff on new policies and documentation procedures?
Documentation,20,What methods or tools can be utilized to make documentation easily searchable and accessible to the intended audience?
Documentation,20,What part does documentation play in following rules and regulations?
Documentation,20,What roles does documentation play in ensuring the scalability and extensibility of a system?
Documentation,20,What would you display in the event of a cyber attack on your electronic documentation?
Documentation,20,Why we use document?
Documentation,25,Can you define or give me examples of good and bad documentation?
Documentation,25,"how can diagrams, charts, echance the effectiveness of documentation?"
Documentation,25,How can you effectively document complex technical process or procedures that involve multiple interconnected systems or components?
Documentation,25,"How can you effectively document your Python code to provide clear explanations of functions, classes, and modules?"
Documentation,25,how questioning is important on document?
Documentation,25,What are the challenges and strategies for documenting complex systems or architectures?
Documentation,25,what is define by Documentation?
Documentation,25,What strategies can be employed to ensure documentation is accurate and up to date?
Documentation,25,What strategies can be employed to keep documentation up-to-date and relevant as processes or projects evolve?
Documentation,30,How data storage is represented documentation?
Documentation,35,Associate digital preservation strategies through documentation?
Documentation,35,How can documentation aid in the transmission of knowledge inside a company?
Documentation,35,How can documentation be effectively maintained and version-controlled over time?
Documentation,35,How do you create effective documentation?
Documentation,35,How do you gather and analyze requirements for the project documentation?
Documentation,35,How document will help student by summarizing information?
Documentation,35,What is the role of technical writers in producing documentation?
Documentation,40,"Can you provide examples of different types of documentation, such as user manuals, API references, and architectural diagrams?"
Documentation,40,What are some ways to measure the effectiveness and impact of documentation on user satisfaction and project success?
Documentation,40,What are the different types of documentation commonly used in software development?
Documentation,40,what do you determine something from documentation?
Documentation,40,what is the purpose of documentation in software development?
Documentation,40,What tools and conventions can be used to generate comprehensive and user-friendly documentation?
Documentation,40,what type of documents are commonly used in marketing project?
Documentation,45,Why is analysis important to writing and research?
Documentation,45,Why is documentation and note keeping important in research writing?
Documentation,45,Why is research ethics important in writing research?
Documentation,50,Are meta data and documentation relate each other?
Documentation,50,How can complicated technical processes or procedures that require numerous interrelated systems or components be adequately documented?
Documentation,50,How can we explain meta data and document?
Documentation,50,How can you ensure accuracy and completeness of documentation in a complex and rapidly changing environment?
Documentation,50,How digital migration relate with documentation?
Documentation,50,How does documentation contribute to knowledge sharing and transfer within an organization?
Documentation,50,"In a complicated environment that is changing quickly, how can you guarantee the correctness and comprehensiveness of the documentation?"
Documentation,50,What are some common documentation formats and tools used in technical writing?
Documentation,50,What are some common tools adapted or used by programmers to create documentation?
Documentation,50,what tools and software can be used to create  and manage  documentation effectively?
Documentation,55,Can you propose a creative solution for automatically generating code documentation and improving software maintainability?
Documentation,55,How do you illustrate or ensure authorization for access to sensitive documents?
Documentation,55,How does well-structured documentation contribute to troubleshooting and problem-solving in technical environments?
Documentation,55,How to improve the privacy of documenation?
Documentation,55,Is it important to document or illustrate your findings?
Documentation,55,why documentation is important and how does it help improve work processes?
Documentation,65,Can you describe your leadership experience?
Documentation,65,What do you predict or   understand about content analysis in the context of documentation?
Documentation,65,What is the importance of documentation in writing research paper?
Documentation,70,How do I organize my documentation?
Documentation,70,How do you collaborate with team members and stakeholders when preparing project documentation?
Documentation,70,How do you validate the completeness and accuracy of project documentation?
Documentation,70,how should documentation be organized?
Documentation,70,"What are some best practices for creating user-friendly documentation for complex products or services, and how can visuals such as diagrams or flowcharts enhance the understanding of the documented information?"
Documentation,70,What are some effective techniques for organizing and structuring documentation to enhance readability and accessibility?
Documentation,70,What are the best methods for efficiently organizing and organising documentation?
Documentation,70,What are the considerations for creating documentation for non-technical audiences or end-users?
Documentation,70,What methodologies or frameworks do you consider when preparing project documentation?
Documentation,70,"What types of documentation do you prepare for different project phases (e.g., initiation, planning, execution, closure)?"
Documentation,70,"Why is clear and comprehensive documentation crucial in software development, and how does well-organized documentation contribute to the success of a project?"
Documentation,80,"Could you explain the concept of ""self-documenting code"" in programming, and how does writing code that is clear and expressive reduce the need for extensive external documentation?"
Documentation,80,how can documentation be effectively organized and categorized to facilitate easy access and retrieval of information when needed?
Documentation,80,How to identify potential future directions or areas for further research identified by the authors?
Documentation,90,Is it possible to integrate or use user stories as part of the documentation process?
Documentation,100,How much time should be spent writing documentation contrasting or compared to actual coding?
Excel,5,How can I add or remove data series from a chart in Excel?
Excel,5,how Can you format MS Excel cells?
Excel,5,"How can you import external data, such as a CSV file, into Excel for analysis?"
Excel,5,How do you freeze panes in Excel to keep specific rows or columns visible while scrolling?
Excel,5,How do you import and export data in Microsoft Excel?
Excel,5,How many categories of data formats are available in Excel?
Excel,5,Is there any easy way to do correlation in excel sheet?
Excel,5,"What are cell references in Excel, and what is the difference between relative and absolute references?"
Excel,5,What are some advanced features in Excel?
Excel,5,"What are some advanced features of Microsoft Excel, such as PivotTables and macros?"
Excel,5,What are some tips for optimizing the performance of large Microsoft Excel workbooks?
Excel,5,What are the different ways to enter data into a cell in Excel?
Excel,5,What do you mean by cell address?
Excel,5,"What is the difference between ""relative"" and ""absolute"" cell references in Excel?"
Excel,5,What is the most critical skill or attribute someone in this role should possess to excel?
Excel,5,What is the purspose of flash fill?
Excel,5,What is the role of data validation in ensuring the accuracy of data entered in Microsoft Excel?
Excel,5,"What steps would you take to perform advanced conditional formatting, such as color scales, icon sets, and custom formulas?"
Excel,15,"Can you automate repetitive tasks in Excel, and if so, how?"
Excel,20,can we implement graph in excel?
Excel,20,How can I collect data from other websites to Excel sheet?
Excel,20,How can you apply conditional formatting to highlight specific cells based on certain criteria?
Excel,20,How can you implement data validation in Excel to restrict input based on a custom condition?
Excel,20,How do you apply a formula to an entire column in Excel?
Excel,20,How do you filter data in Excel to display only specific rows based on certain conditions?
Excel,20,How do you use conditional formatting to highlight specific data in Microsoft Excel?
Excel,20,How to use excel formula?
Excel,20,Should I use excel or google sheets?
Excel,20,What is an example of using addons in Excel?
Excel,20,"What is data validation in Excel, and how can it be used to control the type of data entered in a cell?"
Excel,20,"What is the purpose of using cell references (e.g., A1, B3) in Excel formulas?"
Excel,25,Can functions perform calculations in Excel?
Excel,30,"How can you format cells in Excel to display data as currency, percentages, or dates?"
Excel,30,"What are macros in Excel, and how do you record and use them to automate tasks?"
Excel,35,can you outline Absolute cell referencing in MS Excel?
Excel,35,How do I create a table in Excel for data entry and analysis?
Excel,35,How do I modify the appearance of a chart or graph in Excel?
Excel,35,How do you create a chart or graph in Excel from a set of data?
Excel,35,How do you create a new workbook in Excel?
Excel,35,How would you create a dynamic named range in Excel that automatically adjusts as new data is added?
Excel,35,"What are Excel charts, and how do you create a basic chart in Excel?"
Excel,35,"What are the different chart types available in Excel, and how do I create them?"
Excel,35,What do you infer by cells in an Excel sheet?
Excel,35,What do you infer by pivot table in excel?
Excel,35,What do you infer by Relative cell referencing in MS Excel?
Excel,35,"What is a pivot table in Excel, and how do you create one?"
Excel,40,How can you use Excel to analyze data and draw conclusions?
Excel,40,How can you use the VLOOKUP function to search for data in a table and retrieve corresponding information?
Excel,40,How do I use the VLOOKUP function to search for data in a table?
Excel,40,"How do you perform basic mathematical operations (e.g., addition, subtraction) on cell values in Excel?"
Excel,40,How do you use formulas and functions in Microsoft Excel to perform calculations?
Excel,40,How do you use the COUNT function in Excel?
Excel,40,How to sort data using formulas?
Excel,50,"Explain the process of using array formulas in Excel, providing an example of their application?"
Excel,50,How can you use the Solver add-in to solve complex optimization problems in Excel?
Excel,50,How do you create formulas in Excel for basic arithmetic operations like addition and subtraction?
Excel,50,How do you protect a worksheet or specific cells in Excel to prevent unwanted changes?
Excel,50,How do you protect an Excel worksheet to prevent others from making changes to it?
Excel,50,How do you use data visualization tools in Microsoft Excel to create charts and graphs?
Excel,50,How to create graphs using excel?
Excel,50,"What are Excel functions, and how do you use them for tasks like summing a column or finding an average?"
Excel,55,How do you collaborate with others on a shared Microsoft Excel workbook?
Excel,55,"What are Excel pivot tables, and how do they help in summarizing and analyzing data?"
Excel,60,"How can Microsoft Excel be used for data organization, analysis, and creating visual representations?"
Excel,70,How can you use Excel's Data Model and Power Pivot to manage and analyze large datasets from multiple sources?
Excel,70,"How can you utilize Excel's What-If Analysis tools, such as Scenario Manager and Goal Seek, to explore different scenarios?"
Excel,70,How do you use the filter and sort functions in Excel to organize data?
Excel,70,How to calculate the currency change?
Excel,70,What are some best practices for organizing and structuring data in Microsoft Excel?
Excel,80,Can we use a spreadsheet software to create chart that represents the data provided analyze the trends it reveals?
Excel,100,Describe how to create a PivotTable with multiple data sources and demonstrate its use with calculated fields?
Excel,100,"Describe the process of creating a dashboard in Excel, integrating various data visualizations and interactive elements?"
Flow Chart,5,Are there any common mistakes I should avoid when making a flowchart?
Flow Chart,5,How do you handle complex processes or large algorithms in a flowchart without making it too cluttered?
Flow Chart,5,How to be 100% sure of the amount of loop arrows needed and to which of the shapes these arrows should be pointing at?
Flow Chart,5,What are the basic symbols I need to know to start making a flowchart?
Flow Chart,5,What is logic and why is it required in making a flow chart?
Flow Chart,5,What should I do if my flowchart is getting too complicated or crowded?
Flow Chart,5,Why do we need flowchart?
Flow Chart,15,How do flowcharts assist in the process of converting a problem statement into a computational algorithm?
Flow Chart,20,How can I use colors effectively in a flowchart?
Flow Chart,20,In what ways can a flowchart be useful for team collaboration and communication in a project?
Flow Chart,25,How can flowcharts help in visualizing and analyzing complex processes?
Flow Chart,25,How do I decide where to start and end my flowchart?
Flow Chart,25,How do you depict looping structures like 'for' and 'while' loops in a flowchart?
Flow Chart,30,Are there any limitations or challenges associated with using flowcharts?
Flow Chart,30,How do I show that a task in my flowchart is repeated several times?
Flow Chart,30,"How do you represent different operations (like input/output, processing, decision making) in a flowchart?"
Flow Chart,30,How is logic expressed using a flowchart?
Flow Chart,30,"What are the common symbols used in flowcharts, and what do they represent?"
Flow Chart,30,What is the simplest way to show a decision-making process in a flowchart?
Flow Chart,35,"As the complexity of a program increases, how to make sure we are not missing any step in the flowchart?"
Flow Chart,35,How detailed should my flowchart be for a basic process?
Flow Chart,35,Is followchart essential for creating  program?
Flow Chart,40,Are there any limitations or challenges in using flowcharts for planning or documenting algorithms?
Flow Chart,40,"Can I use flowcharts to plan out a personal project, like a school assignment or a small event?"
Flow Chart,50,Can flowcharts be used to explain concepts or processes to someone without a technical background?
Flow Chart,50,"Can you explain the significance of different shapes used in a flowchart, like rectangles, diamonds, and ovals?"
Flow Chart,50,What are the best practices for creating an effective and easy-to-understand flowchart?
Flow Chart,50,What kind of structure or stages the flowchart shows?
Flow Chart,50,What tools or software are commonly used for creating flowcharts?
Flow Chart,55,How do flowcharts help in debugging or improving the efficiency of an algorithm?
Flow Chart,55,What is a flowchart and what purpose does it serve in programming or process design?
Flow Chart,60,What are two advantages of creating a flowchart to represent our process or program?
Flow Chart,70,A parallelogram represents a process while s rectangle represents input/output however in some flowcharts done in class most of the shapes that were used were parallelograms even for input/output. So can we consider these two shapes to function in the same manner?
Flow Chart,70,"Can flowcharts be used for both high-level design and detailed programming logic, and if so, how do they differ at these levels?"
Graphs,5,Are there any noticeable trends or patterns in the data?
Graphs,5,"As graphs become larger and more complex, what computational challenges arise in terms of memory usage, processing speed, and scalability?"
Graphs,5,How can raw data be transformed into a format suitable for graphing?
Graphs,5,How do you handle data scaling and normalization when combining multiple graphs for comprehensive analysis?
Graphs,5,How do you make a plot?
Graphs,5,How do you name a graph?
Graphs,5,Is a pie chart out of 100 or 360?
Graphs,5,Is it mandatory to have graphs in my term paper?
Graphs,5,Is the graph easy to understand and visually appealing?
Graphs,5,What are the limitations of Barchart?
Graphs,5,What are the potential limitations of this graph in conveying the full picture of the topic?
Graphs,5,"What are the variables on the x and y-axes, respectively?"
Graphs,5,What graphs are best for types of data?
Graphs,5,What is a qualitative graph?
Graphs,5,What is frequency curve in graph?
Graphs,5,What is histogram graph?
Graphs,5,What is the desired level of granularity in the graph?
Graphs,5,What is the difference between a graph and a chart?
Graphs,5,What is the difference between a histogram and a bar graph?
Graphs,5,What is the most common graph?
Graphs,5,What is the purpose of a Barchart?
Graphs,5,What is the purpose or objective of the graph?
Graphs,5,What is the range of a histogram in graph?
Graphs,5,What is the right way to examing graph?
Graphs,5,"What is the time period covered by the data, and does it provide a comprehensive view of the topic?"
Graphs,5,"what's your favourite type of graph to make excel, and why do you prefer it over other types?"
Graphs,5,Which graph is best for quantitative data?
Graphs,5,Which graph is best for scientific data?
Graphs,5,Which graph is the best type of graph?
Graphs,5,Which graph is the best?
Graphs,5,Which graphs are plotted?
Graphs,5,Which is the best way to learn graph correlation?
Graphs,5,Why is a bar graph important?
Graphs,15,Are there any differences in the data based on different subcategories or groups?
Graphs,20,How can I utilize sentiment analysis to produce an emotional graph from text data that has been collected?
Graphs,20,How can sentiment analysis be used to produce an emotional graph from textual data?
Graphs,20,How can you effectively use color gradients and shading to convey additional information in a graph?
Graphs,20,How can you use graphs to effectively communicate data to an audience?
Graphs,20,How could you use this graph to communicate the information effectively to others?
Graphs,20,What are the common methods for collecting data to produce graphs?
Graphs,20,What are the different types of graphs and their uses?
Graphs,20,What are the different types of graphs that can be used to visualize collected data?
Graphs,20,What are the main types of graphs commonly used in data visualization?
Graphs,20,"What are the principles of color theory and their application in data visualization. How can you use color effectively to encode data, highlight patterns, and ensure accessibility for diverse audiences, including individuals with color vision deficiencies?"
Graphs,20,What elements can i execute in a graph?
Graphs,20,What exactly is a graph plot?
Graphs,20,what is a line graph and how is it used to display data?
Graphs,20,When was a graph first used?
Graphs,20,Why is graph used?
Graphs,20,Why is histogram used?
Graphs,20,Will you use any specific software or tools to draw graphs?
Graphs,25,how to analyze trends and patterns in a scatter plot?
Graphs,25,How to do pie chart questions?
Graphs,25,"In what ways do graphs offer insights into the relationships and connections between entities in complex systems, like the internet or biological networks?"
Graphs,25,What are the different sorts of graphs?
Graphs,25,"What are the key components of a box plot, and how is it generated from the data?"
Graphs,30,A graph shows the distance covered by a car in different time intervals during a road trip. How to find the average speed of the car during the entire trip?
Graphs,30,Are graphs asked in coding interviews?
Graphs,30,How can we represent the differences in the same chart?
Graphs,30,How can you produce a sunburst chart to represent hierarchical data patterns based on the collected dataset?
Graphs,30,How do you find the maximum flow in a network represented by a graph?
Graphs,30,"How is the data represented (e.g., bars, lines, pie slices), and is this representation appropriate?"
Graphs,30,"In a graph representing the number of daily website visitors over a month, how to find which day had the highest number of visitors?"
Graphs,30,What does the graph show?
Graphs,30,What type of graph is used to represent the data in this visualization?
Graphs,30,Which graphs show continuous data?
Graphs,35,Can I make Graph to describe the research plan?
Graphs,35,Can this undirected graph be colored with two colors?
Graphs,35,Describe histogram vs bar graph?
Graphs,35,How can graph describe?
Graphs,35,How can you create a 3D surface plot to visualize three-dimensional data?
Graphs,35,How can you create a bar graph from categorical data?
Graphs,35,How can you create an effective bubble chart to visualize three-dimensional data points?
Graphs,35,How create more graphics easily?
Graphs,35,"How do graph databases differ from traditional relational databases, and what advantages do they offer for storing and querying interconnected data?"
Graphs,35,How do you solve a graph problem?
Graphs,35,What are charts and graphs and how do you create them in Excel?
Graphs,35,What are some common mistakes to avoid when creating a graph?
Graphs,35,What are some tools and resources for creating graphs?
Graphs,35,What are the steps involved in creating a timeline graph to visualize historical data and events?
Graphs,35,What are the steps to create a chart or graph in Excel to visualize data?
Graphs,35,What is the role of aesthetics in creating effective graphs?
Graphs,35,What problems can graphs solve?
Graphs,35,What's the best way to create graphs?
Graphs,40,Are graph questions common in interviews?
Graphs,40,How can I get better at answering graph interview questions?
Graphs,40,How can you generate a heat map to display data density and patterns?
Graphs,40,How can you use chord diagrams to visualize connections and relationships in the collected data?
Graphs,40,How can you use network analysis to produce a graph visualization of relationships within a dataset?
Graphs,40,How do you use box plots with outlier detection to analyze and visualize data distribution from a dataset?
Graphs,40,How to approach graph interview questions?
Graphs,40,In what scenarios would you consider using a radar chart instead of a traditional bar or line graph?
Graphs,40,What are the considerations when producing a spider/radar chart from collected data?
Graphs,40,What are the key steps in producing a treemap to display hierarchical data relationships using collected information?
Graphs,40,What are the methods for generating a timeline graph to visualize historical events based on collected data?
Graphs,40,What is a bipartite graph and how do you determine if a graph is bipartite?
Graphs,45,"What are directed acyclic graphs (DAGs), and what are their applications in areas such as task scheduling and dependency management?"
Graphs,50,"Can you explain the process of producing a Pareto chart from collected data, and what insights does it provide?"
Graphs,50,"Can you identify any outliers in the data, and what could be the reasons behind them?"
Graphs,50,Can you infer any cause-and-effect relationships from the graph?
Graphs,50,Consider a graph representing the stock prices of a company over a year. During which month did the stock experience the most significant increase?
Graphs,50,describe the characteristics of a pie chart?
Graphs,50,How are word clouds generated from text-based data for visual representation?
Graphs,50,How can data collected from wearable devices be used to create personalized health trend graphs for individuals?
Graphs,50,How can data from social media platforms be used to generate interactive graphs showing user engagement trends?
Graphs,50,How can graphs be used to represent and analyze electrical circuits?
Graphs,50,How can you create an engaging and informative word cloud from textual data for graph presentation?
Graphs,50,How do I build my graph with data?
Graphs,50,"How do you prepare a Marimekko chart, and when is it particularly useful in business analysis?"
Graphs,50,How do you use collected data to create a Gantt chart for project scheduling?
Graphs,50,How to create bar graph by using codes?
Graphs,50,How to show between Stock Market and Economy visually?
Graphs,50,What are the best practices for creating a multi-axis graph that effectively displays diverse data sets?
Graphs,50,What are the essential steps in preparing a graph?
Graphs,50,"What are the sources of data used in creating this graph, and how reliable are they?"
Graphs,50,What are the steps involved in creating a geographic heatmap to display data intensity across different locations using collected geospatial data?
Graphs,50,What are the steps involved in creating a streamgraph to visualize changes in data over time?
Graphs,50,What are the steps involved in creating geographic heatmaps using collected geospatial data?
Graphs,50,What are the steps involved in generating a Treemap to represent hierarchical data using collected information?
Graphs,50,What are the steps involved in producing a sunburst chart to represent hierarchical data obtained from surveys or questionnaires?
Graphs,50,"What is the range of values displayed on the y-axis, and does it effectively represent the data?"
Graphs,50,"What is the title of the graph, and does it adequately describe the data presented?"
Graphs,55,How can you create a bubble chart with three variables to visualize complex data relationships?
Graphs,55,How do you illustrate graphs?
Graphs,55,How do you solve a graph question?
Graphs,55,How would you improve the graph to make it more informative or visually engaging?
Graphs,55,In how many ways graph can be illustrate?
Graphs,55,What are the consideration for creating effective appealing graph?
Graphs,60,Discuss the challenges and solutions for representing time zones and different time intervals on a global time series graph?
Graphs,60,"How might external factors, such as economic conditions or policy changes, impact the data shown?"
Graphs,60,What techniques can be used to create a word cloud for visual representation from a large text dataset?
Graphs,65,"Describe the steps to create a heat map, and discuss its advantages for visualizing data density?"
Graphs,65,Discuss the concept of small multiples and how it can be employed to improve data visualization in graphs?
Graphs,65,How would you describe the overall trend or direction of the data based on the graph?
Graphs,70,"Are there any missing data points or gaps in the graph, and how might they affect the interpretation?"
Graphs,70,"Can you explain how gestalt principles, such as proximity and similarity, influence the way people understand complex visual data?"
Graphs,70,"Compare and contrast a box plot and a violin plot, and explain when to use one over the other?"
Graphs,70,"Compare and contrast a stacked area chart and a 100% stacked area chart, providing examples of when to use each?"
Graphs,70,"Define graph distance measures such as eccentricity, diameter, radius, and center of a graph. Explain how these measures can be computed efficiently and how they provide valuable insights into the structure and connectivity of a graph?"
Graphs,70,Describe the steps to generate a contour plot and its applications in representing two-dimensional data distributions?
Graphs,70,Explain the process of generating a word cloud from text-based data for visual representation?
Graphs,70,Explain the steps involved in generating a treemap visualization from data with hierarchical categories?
Graphs,70,How can collected data from social media be used to generate an interactive graph showing user connections and interactions?
Graphs,70,how can you effectively compare multiple datasets using a grouped bar chart?
Graphs,70,How can you use collected data to create a radial tree map to display hierarchical relationships between categories?
Graphs,70,How can you use collected survey data to create a stacked bar chart?
Graphs,70,How do you choose the right type of graph for your data?
Graphs,70,How do you interpret data from a graph?
Graphs,70,how do you read or interpret a pie chart?
Graphs,70,How does the choice of color palette in a data visualization impact the audience's perception and interpretation of the data?
Graphs,70,How to choose new symbols in graph?
Graphs,70,How to design a model of a graph of Data?
Graphs,70,What are the techniques for creating a polar area diagram to display cyclic data using the collected dataset?
Graphs,70,What are the techniques to create a Sankey diagram to visualize flow data based on collected statistics?
Graphs,70,What contextual factors or variables need to be considered when interpreting the graph and drawing conclusions from it?
Graphs,70,What limitations or potential sources of error should be taken into account when interpreting the graph and how might they affect the conclusions drawn from it?
Graphs,70,What techniques can be employed to create a 3D surface plot for visualizing multidimensional data from scientific experiments?
Graphs,80,Can you describe the process of creating a sunburst chart to display multi-level categorical data relationships based on collected information?
Graphs,80,Can you explain the steps to create a scatter plot to explore relationships between two numerical variables based on collected data?
Graphs,80,Can you outline the process of creating an animated graph to show changes over time from collected data?
Graphs,80,Explain the process of creating a bubble map to visualize data with both geographic and quantitative attributes?
Graphs,80,Explain the process of creating a chord diagram to display relationships between entities in a network using collected data?
Graphs,80,How can data from social media platforms be utilized to create an interactive graph showing user interactions and connections?
Graphs,80,How can graphs change the dynamics and importance of any project or reports?
Graphs,80,"How can the practice of outlining and visualizing complex ideas or projects be adapted to encourage creativity, collaboration, and effective communication?"
Graphs,80,How is the data organized or categorized in the graph?
Graphs,100,Can you identify any significant events or changes that might have influenced the data pattern?
Graphs,100,Explain the process of integrating real-time data into dynamic graphs for ongoing monitoring and analysis?
Graphs,100,How can you use graphs to make predictions or draw conclusions from data?
G-Slides,20,"Do you know how to save, export, and share your Google Slides presentation?"
G-Slides,20,Have you thought about how to effectively use bullet points and visuals to convey information?
G-Slides,50,How can Google Slides be employed to create an engaging and interactive webinar or online workshop?
G-Slides,50,How can Google Slides be used to create an interactive storybook or digital storytelling experience for children or learners?
G-Slides,50,How can I create a collaborative storyboard or mood board using Google Slides for a creative project?
G-Slides,50,How can I use Google Slides to create an engaging and interactive presentation for a virtual classroom?
G-Slides,60,How can G Slides be utilized to create an animated infographic that visually represents complex data and statistics?
G-Slides,70,Are you aware of how to collaborate with others on the same presentation?
Presenation,20,how to present your data?
Presenation,20,Is presentation is important?
Presenation,20,What are the contents of presentations?
Presenation,20,What are the keys of a presentation?
Presenation,20,what are the most important part in presentation?
Presenation,20,what are the necessity of presentation?
Presenation,20,What do you understand by presentation?
Presenation,20,What is the most benefited way to give a presentation?
Presenation,20,What is the most useful features use in presentation?
Presenation,20,What kind of presentation we need to present in class?
Presenation,20,What techniques I should use to give a presentation?
Presentation,5,Are there any specific policies or procedures that should be in place to handle workplace bullying incidents?
Presentation,5,Are there any successful case studies of organizations effectively addressing and eliminating workplace bullying?
Presentation,5,how can i capture my audience attention?
Presentation,5,How can the audience get involved or provide feedback?
Presentation,5,How can we mitigate potential negative consequences?
Presentation,5,How does acidification casued by pollution?
Presentation,5,Is there any easy way to make the power point slides valuable?
Presentation,5,What am I expecting from my audience?
Presentation,5,What are my desired outcomes?
Presentation,5,What are some innovative technologies to tackle ocean pollution?
Presentation,5,What are some long-term consequences for both the bully and the victim in workplace bullying cases?
Presentation,5,What are the ecological consequences of ocean pollution?
Presentation,5,What are the potential benefits or implications of your topic?
Presentation,5,what do i want them to do?
Presentation,5,What do you understand by placeholder?
Presentation,5,What do you understand by trigger in context of animation?
Presentation,5,What is my audience expecting from me?
Presentation,5,What is my core message?
Presentation,5,What is the key components of power point?
Presentation,5,What language and visual style is my audience expecting?
Presentation,5,What to talk about?
Presentation,5,where is audience now in terms of his result?
Presentation,5,Who is my audience?
Presentation,5,who is you target audience?
Presentation,15,"During your research, did you encounter any conflicting or contradictory information?"
Presentation,20,Are presentation examing students creativity?
Presentation,20,Are there any potential challenges or sensitive topics that you need to address carefully during the presentation?
Presentation,20,Are there specific takeaways or actions you want your audience to remember?
Presentation,20,Can ai give same quality presentation as man?
Presentation,20,Did I use language that was understandable to everyone in the room?
Presentation,20,how can one effectively use body language and gestures to enhance a presentation?
Presentation,20,"How can you handle and manipulate strings in Python, including operations like concatenation, splitting, and formatting?"
Presentation,20,How do you do a presentation?
Presentation,20,How do you see technology impacting the garment industry in the future?
Presentation,20,"How does the choice of presentation format (e.g., slides, speech, multimedia) impact the way information is conveyed and received by the audience?"
Presentation,20,How presentation can effective for others?
Presentation,20,how to do a presentation?
Presentation,20,How to use AI to present presentation?
Presentation,20,how will you engage and interact with your audience during the presentation?
Presentation,20,How will you handle potential technical glitches or issues that may arise during the presentation?
Presentation,20,"In the context of virtual presentations, what are some advanced techniques for fostering audience engagement and interaction when physical presence is absent?"
Presentation,20,Is it possible to give presentation by AI only?
Presentation,20,Is presentation nessesary for 2nd person understanding?
Presentation,20,Presentation can be good or bad?
Presentation,20,Was the overall tone of the presentation appropriate for my audience?
Presentation,20,What are different types of presentation?
Presentation,20,What are some techniques for engaging and capturing the audience's attention during a presentation?
Presentation,20,What are some techniques for maintaining eye contact with your audience during a presentation?
Presentation,20,What are the 4 C's of a good presentation?
Presentation,20,What are the audio-visual requirements for the presentation venue?
Presentation,20,what are the factors that contribute to these disparties?
Presentation,20,What are the key elements of an effective presentation?
Presentation,20,What are the key objectives or goals you aim to achieve with the presentation?
Presentation,20,What are the next steps or action items after this presentation?
Presentation,20,What are the primary factors contributing to the accumulation of microplastics in the oceans?
Presentation,20,what is audience expecting form presentation?
Presentation,20,What is introductory presentation?
Presentation,20,What is presentation format?
Presentation,20,What is presentation technique?
Presentation,20,What is the main objective of your upcoming presentation?
Presentation,20,What is the main objective or purpose of your presentation?
Presentation,20,What is the main topic or subject of the presentation?
Presentation,20,What is the overall tone or style of the presentation?
Presentation,20,"What is the preferred format of the presentation (e.g., slides, multimedia, speech)?"
Presentation,20,What is the purpose of my presentation?
Presentation,20,What makes the presentation looks good?
Presentation,20,"What role does cultural sensitivity play in shaping the content, tone, and delivery of a presentation when addressing a diverse or international audience?"
Presentation,20,What the other ways to give presentation except slides?
Presentation,20,What visual aids or multimedia elements can enhance my presentation?
Presentation,20,What's the difference between a persuasive presentation and an informative presentation?
Presentation,20,What's the presentation purpose?
Presentation,20,When is it appropriate for speakers to use humor?
Presentation,20,Which part is the most important for presentation?
Presentation,20,Which things come in your mind after haring about presentation?
Presentation,20,Which way student can presenting prersantation?
Presentation,20,"Who are the key stakeholders involved, and what role do they play?"
Presentation,20,Will there be any visual aids or multimedia elements used in the presentation?
Presentation,25,What are the resources and expertise required to carry out the plan?
Presentation,25,What role does the fishing industry plan in ocean pollution?
Presentation,35,How can innovations in packaging waste management contribute to reducing ocean pollution?
Presentation,35,"How does object-oriented programming work in Python, and what are the key concepts like classes, objects, and inheritance?"
Presentation,35,How students solve their communication skills during the prestation?
Presentation,35,How will the proposed solution benefit our organization/community?
Presentation,35,Was I able to effectively answer all questions asked?
Presentation,35,what problems does your audience want to solve?
Presentation,40,Does examining is nesessary for prestation?
Presentation,40,How do you plan to structure the presentation?
Presentation,40,how to get good grade in presentation?
Presentation,40,how to present your primary data in survey?
Presentation,40,what are some effective strategies for engaging an audience during a presentation?
Presentation,40,What criteria did you use to assess the credibility and authority of the sources you included in your presentation?
Presentation,40,What's the importance of practicing your presentation before delivering it?
Presentation,40,"When crafting a presentation, what strategies can you employ to ensure that the content is not only informative but also compelling, keeping the audience engaged throughout?"
Presentation,45,How do you prefer to communicate your team's results to senior managers: through a detailed report or during an in-person meeting?
Presentation,50,Describe a memorable presentation you've attended. What made it successful?
Presentation,50,Does student need to prepare themselves before prestation?
Presentation,50,How can an organization rebuild trust and cohesion among employees after a workplace bullying incident?
Presentation,50,How did you handle such discrepancies while preparing your presentation?
Presentation,50,How do I prepare for a Q&A presentation?
Presentation,50,How do I write my first presentation?
Presentation,50,How do we prepare our presentation topics?
Presentation,50,"How do you adapt your presentation style for different settings, such as virtual presentations or large conferences?"
Presentation,50,How do you explain a presentation?
Presentation,50,How do you modify your presentations for different audiences?
Presentation,50,How do you prepare before delivering a presentation?
Presentation,50,How to find if your topic relates to current trends or developments in the industry?
Presentation,50,How will you manage time during the presentation to ensure all important points are covered?
Presentation,50,What tools do you use to create a presentation?
Presentation,50,What's the worst thing that can happen during presentation?
Presentation,50,Why prestation helps student to build their thinking power?
Presentation,55,How can we measure the success or effectiveness of the proposed?
Presentation,55,what potential questions do you anticipate from the audience?
Presentation,60,How can i manage nervousness or stage fright during my presentation?
Presentation,60,"When dealing with highly technical or data-driven presentations, what strategies can be employed to effectively simplify complex concepts without oversimplifying or losing essential information?"
Presentation,70,"Could you elaborate on the concept of ""visual hierarchy"" in presentations, and how does it aid in conveying information effectively?"
Presentation,70,"How can one effectively manage time constraints in a presentation, ensuring that all key points are covered while still allowing for audience interaction and questions?"
Presentation,70,how can we improve our presentation skills?
Presentation,70,How did you approach gathering and evaluating the information for your presentation?
Presentation,70,How does our solution compare to competitors or existing practices?
Print,5,How can I concatenate strings and variables in a print statement?
Print,5,"How can I format numbers, like floats, for more readable output when printing?"
Print,5,How do I print in Java?
Print,5,How do I print items without automatically adding a new line at the end?
Print,5,How do I print text in different colors in the console?
Print,5,What is the difference in print statements in C and Python?
Print,5,Why do I get an error while printing?
Print,5,Why does python always go to the next line when printing?
Print,20,How can I print a multi-line string without using multiple print statements?
Print,20,How do I suppress the automatic newline character that gets added in most print statements?
Print,20,How Do You Use Print Without the Newline?
Print,20,"How to print a box made by "" - "" character using a single print command?"
Print,20,"How to print a series of "" * "" characters in a left alignment?"
Print,20,How to print any kind of shape using different characters using a single print command?
Print,20,I know how to print. How do I take an input from the user?
Print,20,What are some common errors or issues to watch out for when using print statements in a loop?
Print,20,"What is the difference between printing to the console and logging, and when should each be used?"
Print,25,"Can the print function be customized or overridden, and if so, how and why might you do this?"
Print,25,Can the print function output to a file instead of the console?
Print,25,"How do I format numbers with the print function, like controlling decimal places?"
Print,25,"How does the print function handle printing complex objects, like instances of custom classes?"
Print,25,What Is the Output Of Print__name__ Justify Your Answer?
Print,35,Are the print syntax same in every programming language?
Print,35,Can I customize the output format of printed dates and times in my program?
Print,35,Write a program in Python to produce Star triangle?
Print,40,"How do I use the print function to display data structures, like lists and dictionaries?"
Print,40,How do I use the print function to display text in Python?
Print,40,How does the print function handle special characters and unicode in Python?
Print,40,"In Python, how does the print function behave differently when used in a standard script versus an interactive session like Jupyter Notebook or a Python shell?"
Print,40,"In web development, how does server-side printing differ from client-side printing?"
Print,40,Is there a way to print each element of an array or list on a new line using a single print statement?
Print,40,Take 10 integer inputs from user and store them in a list and print them on screen?
Print,40,"What are escape characters, and how are they used within the print function?"
Print,40,"What is string interpolation, and how can I use it with the print function?"
Print,40,"What is the role of the end and sep parameters in the print function, and how do I use them?"
Print,50,"Why is the print statement so commonly used in programming, especially for beginners?"
Print,60,"Can the print function display multiple items at once, and how are they separated?"
Print,70,How to write a program to print sum average of all numbers smallest and largest element of a list?
Print,70,Is it possible to change the text color and style in the console using the print function?
Python Coding,5,Do Data Analysts Need Python Libraries?
Python Coding,5,Does Google Colab have limits?
Python Coding,5,Does Python have OOPs concepts?
Python Coding,5,How Can You Copy Objects in Python?
Python Coding,5,How can you ensure data integrity and optimize query performance?
Python Coding,5,"How can you work with dates and times in Python, including parsing, formatting, and performing calculations with them?"
Python Coding,5,"How do tools like breakpoints, print statements, and logging contribute to the debugging process?"
Python Coding,5,How do you copy an object in Python?
Python Coding,5,How do you handle errors and exceptions in Python and what are some of the common types of errors and exceptions?
Python Coding,5,How do you handle exceptions in Python?
Python Coding,5,How do you print a message to the standard output in Python?
Python Coding,5,How do you work with dictionaries and sets in Python?
Python Coding,5,How does error handling work in Python?
Python Coding,5,How is Multithreading achieved in Pythonn?
Python Coding,5,How to import modules in python?
Python Coding,5,How to install Python on Windows and set path variable?
Python Coding,5,How to remove whitespaces from a string in Python?
Python Coding,5,How to send an email in Python language?
Python Coding,5,In what ways can we make empty NumPy array in Python?
Python Coding,5,Is it necessary to indent in Python?
Python Coding,5,Is multiple inheritance possible in Python?
Python Coding,5,"What are data types, and what are some examples in Python?"
Python Coding,5,What are exceptions?
Python Coding,5,What are global protected and private attributes in Python?
Python Coding,5,What are modules and packages in Python?
Python Coding,5,What are Python libraries Name a few of them?
Python Coding,5,What are Python packages?
Python Coding,5,What are the different types of inheritance in Python?
Python Coding,5,What are the generators in python?
Python Coding,5,What are the key features of Python?
Python Coding,5,What are the new features added in Python 3900 version?
Python Coding,5,What are the rules for a local and global variable in Python?
Python Coding,5,What are the various types of operators in Python?
Python Coding,5,What do you mean by Python literals?
Python Coding,5,what does the python keyword imply?
Python Coding,5,What is a negative index in Python?
Python Coding,5,What is an operator in Pythonn?
Python Coding,5,What is break continue and pass in Python?
Python Coding,5,what is data visualization in python?
Python Coding,5,What is inheritance in Python?
Python Coding,5,What is init method in python?
Python Coding,5,What is monkey patching in Python?
Python Coding,5,What is pass in Python?
Python Coding,5,What is Polymorphism in Python?
Python Coding,5,What is Python?
Python Coding,5,What is PYTHONPATH in Python?
Python Coding,5,What is PYTHONPATH?
Python Coding,5,What is Scope in Python?
Python Coding,5,What is Scope Resolution in Python?
Python Coding,5,What is slicing in Python?
Python Coding,5,What is the difference between  and  operator in Pythonn?
Python Coding,5,What is the difference between == and is in Python?
Python Coding,5,What is the difference between a set and a dictionary in Python?
Python Coding,5,What is the difference between a set and a frozenset?
Python Coding,5,What is the difference between Jupyter and Colab?
Python Coding,5,What is the difference between Python 2 and Python 3?
Python Coding,5,What is the name of the editor that allows you to edit Python code and view the result online?
Python Coding,5,What is the Python decorator?
Python Coding,5,What is the size of the int data type?
Python Coding,5,What is zip capability in Python?
Python Coding,5,What type of language is Python?
Python Coding,5,Whenever Python exits why isnt all the memory deallocated?
Python Coding,5,Why isnt all the memory deallocated when Python exits?
Python Coding,15,How will you convert a string to all lowercase?
Python Coding,15,What are the advantages of Python?
Python Coding,20,Are access specifiers used in pythonn?
Python Coding,20,Does python make use of access specifiers?
Python Coding,20,How can the ternary operators be used in python?
Python Coding,20,"How can you implement control flow in Python, including conditional statements (if-else), loops (for and while), and branching (break and continue)?"
Python Coding,20,How do you import modules and packages in Python and what are some of the standard library modules that are useful for python coding?
Python Coding,20,"How do you use conditional statements in Python and what are the keywords for the if, elif, and else clauses?"
Python Coding,20,How do you use loops in Python and what are the differences between the for and while loops?
Python Coding,20,"How does Python's multiprocessing module differ from the threading module, and when should each be used?"
Python Coding,20,How to use decorators in Python?
Python Coding,20,How to use the slicing operator in Python?
Python Coding,20,How will you efficiently load data from a text file?
Python Coding,20,In Python how do you utilize ternary operators?
Python Coding,20,"What are libraries or modules in Python, and how do you import and use them?"
Python Coding,20,What are Python namespaces Why are they used?
Python Coding,20,What are the benefits of using Python?
Python Coding,20,"What is inheritance in OOP, and how is it implemented in Python?"
Python Coding,20,What is lambda in Python Why is it used?
Python Coding,20,What is Python What are the benefits of using Python?
Python Coding,20,What is the use of self in Python?
Python Coding,20,What kinds of applications can Python be used for?
Python Coding,20,You Have Uploaded the Dataset in Csv Format on Google Spreadsheet and Shared It Publicly How Can You Access This in Pythonn?
Python Coding,25,Are Arguments in Python Passed by Value or by Reference?
Python Coding,25,How are arguments passed by value or by reference in python?
Python Coding,25,How can you generate random numbers in Python?
Python Coding,25,How to add values to a python array?
Python Coding,25,In Python how do you remark numerous lines?
Python Coding,25,"What are generators in Python, and how do they differ from regular functions?"
Python Coding,25,"What are Python generators, and how do they differ from regular functions?"
Python Coding,25,What is main function in python How do you invoke it?
Python Coding,25,What is swapcase function in the Python?
Python Coding,25,What is the best way to add values to a Python array?
Python Coding,25,What Is the Difference Between range and xrange Functions in Python?
Python Coding,25,What is the name of the special variable that holds the value of the current module name in Python?
Python Coding,25,What is the process of compilation and linking in pythonn?
Python Coding,25,What is the purpose of the yield keyword in Python Provide an example of a generator function?
Python Coding,25,What is the usage of help and dir function in Python?
Python Coding,25,What strategies can you employ to effectively debug Python code when encountering unexpected behavior or errors?
Python Coding,30,By using phyton or java can a collected data be converted into graphs?
Python Coding,30,How do you use generators and iterators in Python and what are some of the advantages of using them?
Python Coding,30,"Provide an example of using the concurrent.futures module to perform parallel processing in Python, such as processing multiple tasks concurrently using ThreadPoolExecutor or ProcessPoolExecutor?"
Python Coding,35,How are classes created in Python?
Python Coding,35,How can files be deleted in Python?
Python Coding,35,How can you create a custom iterator in Python?
Python Coding,35,How do you create a class in Python?
Python Coding,35,How do you read from and write to files in Python?
Python Coding,35,"How does Python handle memory management, and what are some techniques for optimizing memory usage in Python?"
Python Coding,35,How is an empty class created in python?
Python Coding,35,How is memory managed in Python?
Python Coding,35,How to comment multiple lines in python?
Python Coding,35,How to create an empty class in Python?
Python Coding,35,In Python Functions Are Firstclass Objects What Do You Infer from Thisn?
Python Coding,35,"What is Python, and why is it popular for programming?"
Python Coding,35,What is the correct syntax for creating a set in Python?
Python Coding,35,Why this programming language is named after python A venomous snake?
Python Coding,35,Write a program in Python to check if a number is prime?
Python Coding,35,Write a program in Python to check if a sequence is a Palindrome?
Python Coding,35,Write a program to produce Fibonacci series in Python?
Python Coding,40,How do you define and use functions in Python?
Python Coding,40,How do you use string formatting in Python and what are some of the common placeholders for different types of values?
Python Coding,40,How Do You Use the Split Function in Python?
Python Coding,40,"What is a list comprehension, and how does it simplify list manipulation?"
Python Coding,40,What is the difference  list and tuples in Python?
Python Coding,40,What is the difference between Python Arrays and lists?
Python Coding,40,what is the distinction between a list and a tuple in python?
Python Coding,50,1 Which operator represents Not Equal in Python Mark 2na nb  nc nd All of the above?
Python Coding,50,Can you explain the concept of inheritance in Python?
Python Coding,50,Can you explain the difference between Python 2 and Python 3?
Python Coding,50,Can you explain the use of the __init__ method in Python classes?
Python Coding,50,Explain Python namespace?
Python Coding,50,Explain the concept of decorators in Python and provide an example?
Python Coding,50,"Explain the concept of descriptors in Python, their role in attribute access, and provide examples of their implementation and usage?"
Python Coding,50,"Explain the difference between concurrency and parallelism in Python. How can you achieve concurrent execution using threads and processes, and what are the trade-offs between the two approaches?"
Python Coding,50,"Have you used any external libraries for specific tasks, such as data analysis, web development, or machine learning?"
Python Coding,50,How can you handle exceptions in Python Explain the tryexceptfinally block?
Python Coding,50,"How can you work with files in Python, including reading, writing, and manipulating file data?"
Python Coding,50,How do you create and use modules in Python?
Python Coding,50,Provide an example of a generator function and explain how it enables efficient memory usage for large datasets?
Python Coding,50,What advantages do NumPy arrays offer over nested Python listsn?
Python Coding,50,"What are context managers in Python, and how are they implemented?"
Python Coding,50,What are Literals in Python and explain about different Literals?
Python Coding,50,What are Python modules Name a few Python builtin modules that are often used?
Python Coding,50,What are python modules Name some commonly used builtin modules in Python?
Python Coding,50,What are some of the built-in data types in Python and how do you manipulate them?
Python Coding,50,What are the builtin types of python?
Python Coding,50,"What is the significance of loops in programming, and how are they used in Python?"
Python Coding,50,Write a Python program to check whether a given string is a palindrome or not without using an iterative method?
Python Coding,55,Create a Python function that checks if a given string is an anagram of another string?
Python Coding,55,Does python support multiple inheritance?
Python Coding,55,How do you define classes and create objects in Python?
Python Coding,55,How to create global variable in a function?
Python Coding,55,What are the different file processing modes supported by Python?
Python Coding,55,"What is object-oriented programming (OOP), and how does Python support it?"
Python Coding,55,"When designing database schemas and relationships, how do you analyze the trade-offs between normalization and denormalization?"
Python Coding,55,Write python function which takes a variable number of arguments?
Python Coding,60,"Discuss best practices for error handling in Python, including when to use specific exception types and how to provide informative error messages to users?"
Python Coding,60,"Discuss the main differences between NumPy and Pandas in Python. When would you use one library over the other, and how do they contribute to data analysis and manipulation tasks?"
Python Coding,60,"Discuss the various approaches to handling exceptions in Python, including the use of try-except blocks, raising custom exceptions, and using context managers?"
Python Coding,60,Write a Python program to convert a decimal number to binary representation?
Python Coding,65,How do you write a comment in Python and what is the purpose of commenting your code?
Python Coding,65,How do you write comments in python?
Python Coding,70,"How can you analyze and compare different methods of interacting with databases in Python, such as using raw SQL queries versus utilizing Object-Relational Mapping (ORM) libraries like SQLAlchemy?"
Python Coding,70,How do you define and use classes and objects in Python and what are some of the benefits of object-oriented programming?
Python Coding,70,How is Python  interpreted language?
Python Coding,70,Implement an iterator that generates Fibonacci numbers and describe how it can be used in a loop?
Python Coding,70,Is it possible to construct a python program that calculates the mean of numbers in a list?
Python Coding,70,What is the difference between a compiler and an interpreter in Python coding?
Python Coding,70,What is the difference between a list and a tuple in Python and how do you create and access them?
Python Coding,70,"When utilizing Python's Global Interpreter Lock (GIL), what are the implications for multithreaded applications, and how can you leverage multiprocessing to achieve parallelism in situations where the GIL limits multithreading effectiveness?"
Python Coding,70,Write a program in Python to execute the Bubble sort algorithm?
Python Coding,70,Write a program in Python to find the largest and smallest elements in a list?
Python Coding,80,"Create a Python class representing a book with attributes like title, author, and price, and methods to calculate a discount price?"
Python Coding,80,Describe the purpose of try-except blocks in Python and how they help manage errors. Provide an example of a custom exception class and explain how you would raise and handle exceptions in specific situations?
Python Coding,80,How do you create a function in Python and what are the advantages of using functions?
Python Coding,80,"Implement a Python class representing a linked list with methods to insert, delete, and search for elements?"
Python Coding,90,Write a Python program to sort a list of dictionaries based on a specific key value?
Python Coding,100,Describe an algorithm to find the shortest path in a weighted graph using Dijkstra's algorithm. Implement the algorithm in Python and provide a step-by-step explanation of how it works?
Python Coding,100,Explain the concept of a web framework and provide examples of popular Python web frameworks like Django and Flask. Describe a scenario where you would choose one framework over the other based on project requirements?
Questionnaire,5,What kind pollution personally bothers you most?
Questionnaire,20,"How can CAPTCHAs, digital fingerprints, or IP tracking be utilized to mitigate potential data collection biases?"
Questionnaire,20,how often do we collect data?
Questionnaire,20,how to execute your collected data?
Questionnaire,20,How would you collect better data?
Questionnaire,20,What are common barriers to data collection?
Questionnaire,20,What are different types of errors in collection of data?
Questionnaire,20,What are precautions of data collection?
Questionnaire,20,"What is the purpose or goal of collecting data, and how does it align with the overall objectives of the project or organization?"
Questionnaire,20,"What kind of response format will you use, like paper-based, online, or through a mobile app?"
Questionnaire,20,Which of the following are risks when collecting data?
Questionnaire,20,Why is careful data collection important?
Questionnaire,25,Are questionnaire necessary for reserch?
Questionnaire,25,"Are there any preferences for the scale of the questions (e.g., Likert scale, numerical scale)?"
Questionnaire,25,Does the questionnaire fulfills the goal of any survey?
Questionnaire,25,how to break down the primary data for survey?
Questionnaire,25,how to make a questionaire?
Questionnaire,25,how to make a survey question?
Questionnaire,25,How to motivate others to fillup data in a  questionnaire?
Questionnaire,25,How will you ensure that the questions are clear and easily understandable for the respondents?
Questionnaire,25,Is it important to have question consistency in a questionnaire?
Questionnaire,25,Is Survey Method qualitative or quantitative?
Questionnaire,25,Is survey questionnaire a methodology?
Questionnaire,25,"Should the questionnaire have multiple-choice questions, open-ended questions, or a combination of both?"
Questionnaire,25,Should the questionnaire include any validation or verification questions to ensure the accuracy of responses?
Questionnaire,25,What are Analyse questions?
Questionnaire,25,What are questionnaire methods?
Questionnaire,25,What are the 4 types of survey methods?
Questionnaire,25,What are the four 9 types of questions?
Questionnaire,25,What differentiates between questionnaire and schedule?
Questionnaire,25,What is question methodology?
Questionnaire,25,What is the appropriate question type for different scenarios?
Questionnaire,25,What is the definition of question methodology?
Questionnaire,25,What is the structure of questionnaire?
Questionnaire,25,What type of questions do I need to include in a survey questionnaire?
Questionnaire,25,Why do you think questions of the questionnaire should be short and simple?
Questionnaire,30,How can researchers ensure the validity and reliability of data collected through online platforms?
Questionnaire,30,is interview is an important source to gather data?
Questionnaire,30,What sources do you typically use to stay updated on  research findings?
Questionnaire,35,How can researchers handle issues like midpoint preferences and acquiescence bias in Likert scale-based questionnaires?
Questionnaire,35,How to conduct a survey for research purpose?
Questionnaire,35,How to make a questionnare required for a research?
Questionnaire,35,Is questionnaire really necessary for a research?
Questionnaire,35,What are the categories of question for a questionniare that is required for a research?
Questionnaire,35,What questions should I ask a donor?
Questionnaire,35,What to ask in a questionnaire?
Questionnaire,40,How can i collect data for survey?
Questionnaire,40,How will you handle missing data or incomplete responses in the questionnaire?
Questionnaire,40,How will you handle the data collection and analysis process once participants complete the questionnaire?
Questionnaire,40,is making a questionaire actually neccesary?
Questionnaire,40,"When using Likert scales or other response formats, what are the best practices for determining the appropriate number of response categories to maintain sensitivity without overwhelming respondents?"
Questionnaire,40,"Will the questionnaire include any demographic questions such as age, gender, or location that could be used for segmenting the data in the graph?"
Questionnaire,45,How will you analyze the questionnaire data to generate the graph?
Questionnaire,45,Should the questionnaire include any ranking questions to assess preferences or priorities?
Questionnaire,50,how can a questionaire be used to do research?
Questionnaire,50,"How can researchers employ data reduction techniques, such as factor analysis or principal component analysis, to explore underlying dimensions and reduce the number of variables in a questionnaire?"
Questionnaire,50,How can the data collection process be optimized to ensure efficiency and minimize redundancy?
Questionnaire,50,What are related findings in research?
Questionnaire,50,What are the ethical considerations of data collection in medical research?
Questionnaire,50,What do you infer by data collection?
Questionnaire,55,Compare and contrast the advantages and limitations of open-ended and closed-ended questions in a questionnaire. How can researchers effectively combine both question types to capture qualitative insights while maintaining the ease of quantitative analysis?
Questionnaire,55,how to create survey from data?
Questionnaire,60,How will you determine the appropriate length of the questionnaire to keep participants engaged?
Questionnaire,60,"What type of questions will you use, such as multiple-choice, open-ended, or rating scale questions?"
Questionnaire,60,"When collecting data through online questionnaires or mobile apps, what are the challenges and considerations in ensuring data integrity and preventing fraudulent responses or multiple submissions from the same participant?"
Questionnaire,70,How to prepare a questionnaire?
Questionnaire,70,"In complex surveys, how can researchers determine the appropriate sample size and sampling technique to achieve adequate statistical power and representative results?"
Questionnaire,70,What are the advantages and challenges of using online questionnaires compared to traditional paper-based surveys?
Questionnaire,70,What techniques can be used to assess and address cultural bias and variations in the interpretation of survey items?
Questionnaire,70,"When conducting complex analyses on questionnaire data, such as structural equation modeling (SEM) or latent class analysis (LCA), how can researchers ensure model fit and interpret complex relationships between latent variables and observed indicators?"
Questionnaire,80,Discuss the trade-offs between data security measures and the potential impact on response rates and data quality?
Questionnaire,85,Discuss the challenges and considerations in adapting and validating questionnaires for cross-cultural research. How can researchers ensure that the translated questionnaire maintains its equivalence across different languages and cultural contexts?
Questionnaire,85,"When designing a questionnaire for a complex research study, what strategies can be employed to ensure the content validity of the survey questions?"
Questionnaire,90,What methods will you use to pre-test the questionnaire for potential issues or ambiguities?
Questionnaire,100,Discuss the concept of social desirability bias in questionnaire responses and how researchers can design questions or use indirect questioning techniques to reduce the likelihood of socially desirable responses and obtain more accurate data?
Questionnaire,100,Discuss the considerations and interpretations when using factor scores or component loadings to represent constructs. How can researchers determine the optimal number of factors to retain in factor analysis using methods like eigenvalue-based approaches or scree plots?
Questionnaire,100,Discuss the potential challenges and solutions in handling missing data and assessing model assumptions in advanced questionnaire data analyses?
Questionnaire,100,How can researchers use pilot testing and expert reviews to enhance the questionnaire's construct validity and ensure that it effectively measures the intended constructs?
Questionnaire,100,"How can researchers utilize qualitative methods, such as cognitive interviews, pilot testing, and expert reviews, to enhance the questionnaire's construct validity and ensure that it effectively measures the intended constructs accurately and comprehensively?"
Referencing,5,How do I format multiple authors in a single citation?
Referencing,5,How do I handle the citation of sources in different languages?
Referencing,5,How do you handle referencing when dealing with sources in multiple languages or from different cultural contexts?
Referencing,5,"What are the consequences of plagiarism, and how can proper referencing help avoid it?"
Referencing,5,"What does 'in-text citation' mean, and how do I format it?"
Referencing,5,What is citation?
Referencing,15,Can I cite my own article or paper?
Referencing,15,How can I effectively search for references from primary sources or original research studies?
Referencing,15,How do I cite a book in my research paper?
Referencing,15,How do I cite a government document or report?
Referencing,15,How do I cite a source that I found quoted in another source (secondary citation)?
Referencing,15,How do I cite a source with no author or an anonymous author?
Referencing,15,How do I cite a website or online article in my paper?
Referencing,15,"How do i cite online references, such as websites or online articles, in an academic paper?"
Referencing,15,How do I cite websites?
Referencing,15,How should you approach referencing when working with collaborative projects or group assignments?
Referencing,15,"What are some reliable sources for finding government reports, policy documents, or official statistics as references?"
Referencing,15,What are some reputable open-access journals or repositories where I can find high-quality references?
Referencing,15,What information is needed to cite a journal article?
Referencing,15,"What is a bibliography, and how is it different from a works cited page?"
Referencing,15,"What is a citation, and why is it important in a research paper?"
Referencing,15,Why is it important to cite other papers?
Referencing,20,How can you effectively use in-text citations to attribute ideas and information to their original sources?
Referencing,20,"What are footnotes and endnotes, and how are they used in citations?"
Referencing,20,"What are the main citation styles (such as APA, MLA, Chicago) and when should each be used?"
Referencing,20,What should I do if I can't find all the information needed for a complete citation?
Referencing,25,how to connect finance and public health?
Referencing,25,"What is a citation generator, and can I rely on it for accurate citations?"
Referencing,30,"Can I cite a lecture, interview, or personal communication in my paper, and if so, how?"
Referencing,30,"What are some best practices for citing online sources, including websites, articles, and online videos?"
Referencing,35,How do I avoid plagiarism when paraphrasing or summarizing from a source?
Referencing,35,"What is the role of citation management tools, and how do they streamline the referencing process?"
Referencing,35,Why is proper referencing important in academic and professional writing?
Referencing,40,"What is the purpose of a bibliography or reference list, and how should it be formatted according to different citation styles?"
Referencing,50,"Can you explain the differences between primary sources, secondary sources, and tertiary sources when referencing?"
Referencing,50,What are the most common citation styles used in academic writing?
Referencing,50,"What is a DOI, and how does it relate to citing sources?"
Referencing,50,"What is self-plagiarism, and how does it relate to citation?"
Referencing,60,"How do I cite a film, video, or TV show in my research?"
Referencing,70,How can I use keywords and search operators to improve the relevancy of my reference search results?
Referencing,70,What strategies can I employ to efficiently navigate through a large number of search results and identify the most relevant references?
Referencing,80,Are there any tools or software specifically designed for organizing and managing references during the research process?
Research Paper,5,Are findings singular?
Research Paper,5,Do findings come before analysis?
Research Paper,5,How do you introduce a findings chapter?
Research Paper,5,Is findings part of methodology?
Research Paper,5,What are findings also known as?
Research Paper,5,What are key findings?
Research Paper,5,What are the 4 C's of audit findings?
Research Paper,5,What are the components of findings?
Research Paper,5,What are the four elements of a finding?
Research Paper,5,What comes after findings?
Research Paper,5,What is a BRIEF table of results?
Research Paper,5,What is a sample sentence for findings?
Research Paper,5,What is our findings definition?
Research Paper,5,What were the key findings or results of your study?
Research Paper,15,Does we need to add graph on our research paper?
Research Paper,15,How can I make my research paper outstanding?
Research Paper,15,how can i research about supply chain?
Research Paper,15,How do I paraphrase my findings?
Research Paper,15,how do i publish a research paper?
Research Paper,15,How do you report qualitative findings?
Research Paper,15,How long should be the research paper?
Research Paper,15,How many sections should my research paper contain?
Research Paper,15,How many types are research?
Research Paper,15,how much point include in Research paper?
Research Paper,15,How much time should I spend while researching stocks?
Research Paper,15,How to start a research paper?
Research Paper,15,Is research paper better or report paper?
Research Paper,15,Is there are any alternative  of research?
Research Paper,15,"Were there any limitations or challenges you encountered during your research process, and how did you address them?"
Research Paper,15,What are 3 categories of research project?
Research Paper,15,What are basic rules of research?
Research Paper,15,What are findings in qualitative research?
Research Paper,15,What are fundamental research issues?
Research Paper,15,What are research objectives?
Research Paper,15,What are the 10 examples of research title?
Research Paper,15,What are the 11 steps in research paper?
Research Paper,15,What are the 12 steps of research?
Research Paper,15,What are the 3 major types of research?
Research Paper,15,What are the 4 simple steps in research?
Research Paper,15,What are the 5 main objectives of research?
Research Paper,15,What are the criteria of good research?
Research Paper,15,What are the five topics that a research should avoid?
Research Paper,15,What are the main 10 stages of research process?
Research Paper,15,What are the main branches of research?
Research Paper,15,What are the necessary quantitative and qualitative data required for a research paper?
Research Paper,15,What are the potential implications or applications of your research findings?
Research Paper,15,What are the seven steps to producing a research paper?
Research Paper,15,What can be a best Research paper?
Research Paper,15,What categories of research inquiries are prevalent?
Research Paper,15,What chapter is findings in research?
Research Paper,15,What do we learn from research paper?
Research Paper,15,What is a effective research?
Research Paper,15,What is a Good research paper?
Research Paper,15,What is a good research?
Research Paper,15,What is a primary research database?
Research Paper,15,What is a research hypothesis?
Research Paper,15,What is a research problem?
Research Paper,15,What is another word for research findings?
Research Paper,15,What is basic research methods?
Research Paper,15,What is data analysis in research?
Research Paper,15,What is ethics in research?
Research Paper,15,What is high quality research?
Research Paper,15,What is introduction in research?
Research Paper,15,What is reliability in research?
Research Paper,15,What is reporting of findings?
Research Paper,15,What is research gap?
Research Paper,15,What is research instruments?
Research Paper,15,What is research process?
Research Paper,15,What is the best title for research?
Research Paper,15,What is the difference between research findings and data analysis?
Research Paper,15,what is the main concern to make a research paper?
Research Paper,15,What is the research title?
Research Paper,15,What is the scope of the research and its relevance to the field?
Research Paper,15,What is the significance of the research paper in the broader context of the field?
Research Paper,15,What makes a good research topic?
Research Paper,15,What makes research successful?
Research Paper,15,What research methods do you find most effective?
Research Paper,15,What seven steps go into producing a research paper?
Research Paper,15,What type of information we should grather for research?
Research Paper,15,what would be a good research paper points?
Research Paper,15,Where are the main findings in research?
Research Paper,15,Where can I find research topics?
Research Paper,15,Which website helps to find a research papern?
Research Paper,15,why do we need research papers?
Research Paper,15,Why do we research?
Research Paper,15,Why is findings important in research?
Research Paper,20,From where can I get those elements & data & information to complete the project?
Research Paper,20,How do you present results from your findings?
Research Paper,20,How to make an abstract?
Research Paper,20,What are the characteristics of the summary of findings?
Research Paper,25,"As technology continues to shape our personal and professional lives, what steps should be taken to protect digital rights and privacy in an increasingly connected and data-driven world?"
Research Paper,25,"How can we address the challenges of digital sovereignty and data localization, balancing the benefits of global connectivity with concerns of data governance and privacy?"
Research Paper,25,Is conclusion and findings the same?
Research Paper,25,What are recommendations findings?
Research Paper,25,what defines a goal?
Research Paper,25,What is findings and conclusions?
Research Paper,25,What is the difference between summary of findings and conclusion?
Research Paper,30,How do you show findings?
Research Paper,30,how will you represent your research topics?
Research Paper,30,What are characteristics of research?
Research Paper,30,What is abstract in research?
Research Paper,30,What methodology uses research?
Research Paper,35,How do  write findings for a project?
Research Paper,35,How do I summarize the findings?
Research Paper,35,How do you structure research findings and conclusions?
Research Paper,35,How do you summarize findings?
Research Paper,35,How do you write a results and findings section?
Research Paper,35,How do you write precautions?
Research Paper,35,How do you write qualitative data results?
Research Paper,35,How do you write quantitative findings?
Research Paper,35,How is data analyzed in research?
Research Paper,35,how to create a reseach topic?
Research Paper,35,How to find the recommendations for future research based on the findings of the study?
Research Paper,35,How to write a methodology?
Research Paper,35,What is the importance of research for a business organization?
Research Paper,35,What is the main research question addressed in the paper?
Research Paper,35,What type of questions does quantitative research more commonly address?
Research Paper,35,What's the difference between a research plan and a research proposal?
Research Paper,35,When should you analyze research findings?
Research Paper,35,Why are findings and conclusion important in research?
Research Paper,45,How do you discuss results and findings?
Research Paper,45,How do you write a collaborative research paper?
Research Paper,45,How do you write a research title?
Research Paper,45,How to properly write a research paper?
Research Paper,45,how to start writing a research paper?
Research Paper,45,How to write research objectives?
Research Paper,45,What are the 7 steps in writing a research?
Research Paper,45,what is adapting in research?
Research Paper,45,what is the difference between coding and programming research paper?
Research Paper,45,What is the difference between findings and discussion?
Research Paper,45,What is the difference between findings conclusion and recommendations?
Research Paper,45,What is the purpose of writing a research paper?
Research Paper,45,what should we write on a research paper?
Research Paper,45,Why should we write research papers?
Research Paper,45,why writing a research paper is important?
Research Paper,50,Does quantitative research use questionnaires?
Research Paper,50,How can i select a topic for my Research?
Research Paper,50,How can I use new information in my writing?
Research Paper,50,How to determine effectiveness of the method of the research?
Research Paper,50,Why you need to select objective for research paper?
Research Paper,60,Can I change the topic of my research in between the semester?
Research Paper,60,How is programming used in research?
Research Paper,60,how to do a proper research in climate change?
Research Paper,60,what is the most used programming language in research?
Research Paper,65,Do we need to create surveys for our research paper?
Research Paper,65,how can i design a research paper?
Research Paper,65,How to design a research?
Research Paper,65,What are the 4 basic questions in writing a good research title?
Research Paper,65,What is quantitative research design?
Research Paper,70,What characteristics distinguish a good research topic?
Research Paper,80,Does asking questions help students prepare for their research?
Research Paper,80,what are the process of developing and designing a strong research paper?
Research Paper,80,What are the rules in choosing a research topic?
Research Paper,80,what are the steps of solving and developing a research paper?
Research Paper,85,what are the processes of writing a research paper and measure the depth of the defined topic?
Research Paper,100,Does reviewing papers serve or relate any purpose other than creating documentation?
Research Paper,100,How can qualitative research methods be used to complement quantitative testing and assessment approaches?
Research Question,25,what is reseach question?
Research Question,35,can we categorize research question?
Research Question,35,How can I Highlight the most important Question in my research?
Research Question,35,how can we make our research question more informative?
Research Question,35,How do I know I have a good main research question?
Research Question,35,How do you ensure that your research question is feasible to answer within the constraints of your project?
Research Question,35,How do you find a research question?
Research Question,35,How do you refine and revise a research question as your research progresses?
Research Question,35,How many specific questions are in research?
Research Question,35,How many types of research questions  are there?
Research Question,35,how to get sample research questions?
Research Question,35,"In qualitative research, how do open-ended research questions encourage in-depth exploration of a topic, and what techniques help researchers refine these questions over the course of the study?"
Research Question,35,Is it important to have a research question?
Research Question,35,is it important to have research question before starting a real survey?
Research Question,35,What are 11 good research questions?
Research Question,35,What are 3 examples of research questions?
Research Question,35,What are 4 required elements for a good research question?
Research Question,35,What are good questions for a research paper?
Research Question,35,What are the 3 components of a good research question?
Research Question,35,what are the 5 steps of writting a research question?
Research Question,35,What are the criteria for a strong research question?
Research Question,35,What are the necessities of research question?
Research Question,35,What is a Level 3 research question?
Research Question,35,What is causal question in research?
Research Question,35,What is the difference between a research question and a hypothesis?
Research Question,35,What is the importance of research?
Research Question,35,What is the main objective or research question of your work?
Research Question,35,What is the most important question can a research can help me answer?
Research Question,35,What is the role of a research question in guiding a research project?
Research Question,35,Why are research questions important?
Research Question,35,Why Is a Research Question Important?
Research Question,50,How do you use sub-questions to strengthen your main research question?
Research Question,50,How do you use your research question to develop a thesis statement or argument for your paper?
Research Question,50,list down typical quantitative research questions?
Research Question,50,"What are qualitative research questions, and when are they used?"
Research Question,50,Which category of research question accesses for engagement in social action?
Research Question,65,How do researchers formulate effective research questions that guide their studies and investigations?
Research Question,65,How do you compose good research questions?
Research Question,65,"How do you formulate a research question that is specific, relevant, and researchable?"
Research Question,65,How do you write a quantitative research question?
Research Question,65,How do you writing and design a research question?
Research Question,65,how to design quantitative research questions?
Research Question,65,How to formulate research questions?
Research Question,65,How to Write a Good Research Question?
Research Question,65,What are some common mistakes to avoid when formulating a research question?
Research Question,65,What are the challenges researchers face when trying to formulate research questions that are both relevant to the field and feasible to study?
Research Question,65,What are the process of designing research questions?
Research Question,65,What are the steps to create a good research question?
Research Question,65,What do you want to avoid when writing a research question?
Research Question,65,What three things do you need to remember when writing research questions?
Research Question,70,"How do research questions guide the selection of research methods and data collection techniques, such as surveys, experiments, case studies, or content analysis?"
Research Question,70,How to determine potential research questions?
Research Question,80,What are the methods of developing problems of designing research questions?
Research Question,80,Which types of word or sentence I should use to write a research question?
Research Question,85,Does learning to design a qualitative research questions can a learner improve his or her question making skills?
Research Question,85,What precautions a researcher should consider while writing the research questions?
Research Question,100,What is the best way to chose a research question?
Research Question,100,What will help determine the type of research question you need to formulate?
Trace Table,5,Since this table is made manually so even if there is something missing how can I know?
Trace Table,15,How can I be sure of what headers are needed in a trace table?
Trace Table,15,What are the key components that should be included in every trace table?
Trace Table,15,"When dealing with if-else statements, how can a trace table help to understand the flow of decisions in the code?"
Trace Table,15,"While making an entire trace table, isn't it more time consuming rather than going through the code and debug it in your head?"
Trace Table,30,How can a trace table be used to debug a piece of code with a logical error?
Trace Table,35,"Are there any automated tools or software that can generate trace tables from code? If so, how effective are they?"
Trace Table,35,How do trace tables help in understanding recursive functions?
Trace Table,35,What are the limitations of trace tables when analyzing large or complex pieces of code?
Trace Table,45,"Is there a standard format or template for creating a trace table, or does it vary based on the complexity of the program?"
Trace Table,45,What is a trace table and what is its primary purpose in programming?
Trace Table,50,"Can trace tables be effectively used for understanding more complex algorithms, like recursion or sorting algorithms?"
Trace Table,60,"Can trace tables be used for understanding event-driven programming, like GUI applications?"
Trace Table,60,"How do you use a trace table to understand the flow of a loop, like a 'for' or 'while' loop, in a program?"
Trace Table,60,How effective are trace tables as a teaching tool for beginners in programming to understand the execution flow of code?
Trace Table,60,In what ways can a trace table be used to teach or understand object-oriented programming concepts?
Trace Table,60,What are some common mistakes or pitfalls to avoid when creating and using trace tables for debugging?
Trace Table,65,Are there any automated tools to generate trace tables for a program?
Trace Table,65,How would a trace table be structured for a program with multiple threads or parallel processes?
Trace Table,70,How do you represent the execution of function calls and the return of values in a trace table?
Trace Table,70,What are the advantages and limitations of using a trace table compared to using a debugger in an IDE?
Trace Table,80,How can trace tables assist in identifying off-by-one errors in loop constructs?
Trace Table,80,How can trace tables be adapted or used for understanding code written in functional programming languages?
Trace Table,80,"In a trace table, how do you keep track of the changes in the values of different variables throughout the execution of a program?"
Variables,5,Are there any rules or restrictions for naming variables in Python?
Variables,5,Are variable names case-sensitive in Python?
Variables,5,Can a variable refer to another variable? How does that work?
Variables,5,How can I find out the data type of a variable?
Variables,5,What are the basic data types that a variable can hold in Python?
Variables,5,What are variables?
Variables,5,What does 'initializing a variable' mean and why is it important?
Variables,5,What does the term 'variable overflow' mean and how can it be avoided?
Variables,5,What is the significance of 'null' or 'None' in relation to variables?
Variables,5,What variable names are acceptable?
Variables,5,Why is a variable important?
Variables,20,How can I use a variable to keep track of a count or a total in a loop?
Variables,20,How do you combine variables with text to display meaningful messages?
Variables,20,"What are best practices for naming variables, and why is it important to follow them?"
Variables,20,"What are the different types of variables (e.g., integer, string, boolean) and how are they used differently?"
Variables,20,"What is the difference between global and local variables, and when should each be used?"
Variables,25,Is it possible to assign values to multiple variables in a single line in Python?
Variables,25,"What does it mean to assign a value to a variable, and how is it done?"
Variables,30,How do I use variables in mathematical expressions or string concatenations?
Variables,35,Can a variable hold different types of data at different times during the execution of the program?
Variables,35,How do constants differ from variables in programming?
Variables,35,How do I create a variable in Python?
Variables,35,"How do you declare a variable in a programming language, and does the syntax vary significantly between languages?"
Variables,35,"Is it possible to delete a variable? If so, how and why would you do it?"
Variables,35,What is a variable in programming and why is it important?
Variables,35,What is meant by the scope of a variable and how does it affect the accessibility of the variable in different parts of the program?
Variables,40,"Given a scenario where the outcome of an experiment is unexpected, how to diagnose possible issues with the variables involved?"
Variables,40,How can I display the value of a variable to the screen?
Variables,40,"What are environment variables, and how are they used in software development?"
Variables,50,How can I use variables in a program?
Variables,50,How do I change the data type of a variable?
Variables,50,"What happens if you try to use a variable that has not been initialized, and how do languages typically handle this?"
Variables,50,"What is the difference between mutable and immutable variables, and how does this affect their use in a program?"
Variables,55,How do we improve variable naming?
Variables,55,How does the concept of variables differ in languages with dynamic typing compared to those with static typing?
Variables,70,Can the value of a variable change throughout the program?
Variables,70,How do I change the value of a variable in the middle of a program?
Variables,70,What happens when you use a variable that hasn't been assigned a value yet?
Variables,85,How to evaluate the validity of a research study's conclusions based on how well the researchers controlled the variables?
